SMILES,IC50_nM
CS(=O)(=O)O.Cc1ccc(NC(=O)c2ccc(CN3CCNCC3)cc2)cc1Nc1nccc(-c2cccnc2)n1,2229
COCCN(C)/N=N/c1ccc(C(=O)Nc2cccc(Nc3nccc(-c4cccnc4)n3)c2)cc1,33189.45
Nc1ncnc2c1c(-c1cnc3[nH]ccc3c1)nn2C1CCCC1,18
CCN(CC)c1ccc(NC(=O)Nc2ccc(C)c(Nc3nccc(-c4cccnc4)n3)c2)cc1,10000
Cc1ccc(NC(=O)Nc2cccc(N3CCCC3)c2)cc1Nc1nccc(-c2cccnc2)n1,724.44
COc1ccc(C(=O)Nc2ccc(Br)cc2)cc1Nc1nccc(-c2cccnc2)n1,4.79
Cc1ccc(-c2ccnc(Nc3cccc(OC(F)(F)C(F)F)c3)n2)cc1,50118.72
Cc1ccc(N)cc1Nc1nccc(-c2cccnc2)n1,1513.56
Cc1ccc(C(=O)Nc2ccc(C)c(Nc3nccc(-c4cccnc4)n3)c2)cc1,199.53
CN1CCN(Cc2ccc(C(=O)Nc3cccc(Nc4nccc(-c5cccnc5)n4)c3)cc2)CC1,100
Cc1ncc(NC(=O)c2ccc(CN3CCN(C)CC3)c(C(F)(F)F)c2)cc1Nc1nccc(-c2cccnc2)n1,60.1
Cc1ncc(NC(=O)c2ccc(CN3CCN(C)CC3)c(C(F)(F)F)c2)cc1Nc1nccc(-c2cccnc2)n1,18.1
CC1CN(c2cncnc2)Cc2cc(C(=O)Nc3cc(CN4CCN(C)CC4)cc(C(F)(F)F)c3)ccc21,2100
Cc1ccc(NC(=O)c2ccc(CN3CCN(C)CC3)cc2)cc1Nc1nccc(-c2cccnc2)n1,8778
COc1ccc(Nc2cc(-c3ccc(C(=O)NCCNC(=O)c4c(F)cccc4Cl)cc3)ncn2)cc1,6200
COC(=O)c1ccc(C(=O)/C(=C\c2ccc(F)c([N+](=O)[O-])c2)SCc2ccc(Br)cc2)cc1,750
O=C(/C(=C\c1ccc(F)c([N+](=O)[O-])c1)SCc1ccc(Br)cc1)c1ccc(C(=O)N2CCN(CCO)CC2)cc1,500
CN1CCN(c2ccc(C(=O)Nc3cccc(C#Cc4cccc5[nH]nc(N)c45)c3)cc2C(F)(F)F)CC1,151
Cc1ccc(C(=O)Nc2ccc(CN3CCN(C)CC3)c(C(F)(F)F)c2)cc1C#Cc1cnc2cccnn12,1
COc1ccc(Nc2cc(-c3ccc(C(=O)N4CCN(C(=O)c5ccc(F)c(F)c5)CC4)cc3)ncn2)cc1,15320
Cc1cn(-c2cc(NC(=O)c3ccc(C)c(Nc4nccc(-c5cccnc5)n4)c3)cc(C(F)(F)F)c2)cn1,38.5
Cc1ccc(NC(=O)c2ccc(CN3CCN(C)CC3)cc2)cc1Nc1nccc(-c2cccnc2)n1,399
CCNc1ncc(C#Cc2cc(C(=O)Nc3cc(-n4cnc(C)c4)cc(C(F)(F)F)c3)ccc2C)cn1,30
Cc1ccnc(-c2ccc(C(=O)N3CCN(C(=O)c4cccc(F)c4)CC3)cc2)c1,63300
COc1ccc(Nc2cc(-c3ccc(C(=O)NCCNC(=O)c4cccc(C(F)(F)F)c4)cc3)ncn2)cc1,2590
CNc1ncc(C#Cc2cc(C(=O)Nc3cc(-n4cnc(C)c4)cc(C(F)(F)F)c3)ccc2C)cn1,6
Cc1cn(-c2cc(NC(=O)c3ccc(C)c(C#Cc4cnc(NCCO)nc4)c3)cc(C(F)(F)F)c2)cn1,19
COc1ccc(C(=O)Nc2ccc(C)c(-n3cc(-c4cnc5ccnn5c4)cn3)c2)cc1,766.6
Nc1n[nH]c2cccc(-c3ccc(C(=O)N4CCN(C(=O)c5ccc(Br)cc5)CC4)cc3)c12,1500
Nc1n[nH]c2cc(-c3ccc(C(=O)N4CCN(C(=O)c5ccc(Cl)c(C(F)(F)F)c5)CC4)cc3)ccc12,5330
Cc1cn(-c2cc(NC(=O)c3ccc(C)c(C#Cc4cnc(N5CCOCC5)nc4)c3)cc(C(F)(F)F)c2)cn1,300
Cc1cn(-c2cc(NC(=O)c3ccc(C)c(C#Cc4cnc(Nc5ccccc5)nc4)c3)cc(C(F)(F)F)c2)cn1,161
CN(C)c1cccc(C(=O)N2CCN(C(=O)c3ccc(-c4ccccn4)cc3)CC2)c1,45600
Nc1n[nH]c2cc(-c3cn([C@@H]4CN[C@H](C(=O)Nc5ccc(Br)cc5)C4)nn3)ccc12,309.78
Nc1nc2ccc(-c3cn([C@@H]4CN[C@H](C(=O)Nc5ccc(Cl)c(C(F)(F)F)c5)C4)nn3)nc2s1,24.69
Cc1ccc(NC(=O)c2ccc(F)cc2)cc1-n1cc(-c2cccnc2)cn1,213.5
Cc1cn(-c2cc(NC(=O)c3ccc(C)c(C#Cc4cnc(N)nc4)c3)cc(C(F)(F)F)c2)cn1,8
C[C@H](NC(=O)c1ccc(-c2ccc(N)nc2)cc1)C(=O)Nc1ccc(Cl)c(C(F)(F)F)c1,770
Nc1ccc(-c2ccc(C(=O)N[C@H]3CN[C@@H](C(=O)Nc4ccc(Cl)c(C(F)(F)F)c4)C3)cc2)cn1,9180
Nc1ccc(-c2cccc(C(=O)N[C@H]3CN[C@@H](C(=O)Nc4ccc(Cl)c(C(F)(F)F)c4)C3)c2)cn1,11960
O=C(NC1CC1)c1cncc(-c2cccc(C(=O)N[C@H]3CN[C@@H](C(=O)Nc4ccc(Cl)c(C(F)(F)F)c4)C3)c2)c1,16000
CC(=O)Nc1ccc(-c2ccc(C(=O)N[C@@H](C)C(=O)Nc3ccc(Cl)c(C(F)(F)F)c3)cc2)cn1,22450
CCN(CC)C(=O)c1cncc(-c2ccc(C(=O)N[C@@H](C)C(=O)Nc3ccc(Cl)c(C(F)(F)F)c3)cc2)c1,59870
CC(=O)Nc1ccc(-c2ccc(C(=O)N[C@H]3CN[C@@H](C(=O)Nc4ccc(Cl)c(C(F)(F)F)c4)C3)cc2)cn1,12990
O=C(NC1CC1)c1cncc(-c2cccc(C(=O)N[C@H]3CN[C@@H](C(=O)Nc4ccc(Cl)c(C(F)(F)F)c4)C3)c2)c1,26610
[2H]C([2H])([2H])N1CCN(Cc2ccc(C(=O)Nc3ccc(C)c(Nc4nccc(-c5cccnc5)n4)c3)cc2)CC1,682
Nc1n[nH]c2cccc(-c3ccc(C(=O)N4CCN(C(=O)c5ccc(Br)cc5)CC4)cc3)c12,7120
CCN1CCN(Cc2ccc(C(=O)Nc3ccc(C)c(-n4cc(-c5cccnc5)cn4)c3)cc2)CC1,16.87
CC(=O)Nc1n[nH]c2cc(-c3cn([C@@H]4CN[C@H](C(=O)Nc5ccc(Cl)c(C(F)(F)F)c5)C4)nn3)ccc12,28.21
O=C(Nc1n[nH]c2cc(-c3cn([C@@H]4CN[C@H](C(=O)Nc5ccc(Br)cc5)C4)nn3)ccc12)C1CC1,5.53
Nc1nc2ccc(-c3cn([C@@H]4CN[C@H](C(=O)Nc5ccc(Cl)cc5Cl)C4)nn3)nc2s1,9.45
CC(C)(C)OC(=O)N1C[C@@H](n2cc(-c3ccc(N)nc3)nn2)C[C@H]1C(=O)Nc1ccc(Cl)c(C(F)(F)F)c1,125.08
CC(C)(C)OC(=O)N1C[C@@H](n2cc(-c3ccc4c(N)n[nH]c4c3)nn2)C[C@H]1C(=O)Nc1ccc(Cl)c(C(F)(F)F)c1,150
CC(C)(C)OC(=O)N1C[C@@H](n2cc(-c3ccc4c(N)n[nH]c4c3)nn2)C[C@H]1C(=O)Nc1ccc(Br)cc1,236.97
O=C(Nc1nc2ccc(-c3cn([C@@H]4CN[C@H](C(=O)Nc5ccc(Br)cc5)C4)nn3)nc2s1)C1CC1,33.28
CC(C)(C)OC(=O)N1C[C@@H](n2cc(-c3ccc4nc(N)sc4n3)nn2)C[C@H]1C(=O)Nc1ccc(F)c(F)c1,487.02
CN(C)c1cccc(C(=O)N2CCN(C(=O)c3ccc(-c4nccs4)cc3)CC2)c1,1837
COc1cccc(C(=O)N2CCN(C(=O)c3ccc(-c4cccs4)cc3)CC2)c1,89700
Nc1n[nH]c2cccc(-c3ccc(C(=O)N4CCN(C(=O)c5ccccc5Cl)CC4)cc3)c12,84
Nc1n[nH]c2cccc(-c3ccc(C(=O)N4CCN(C(=O)c5cccc(F)c5)CC4)cc3)c12,86
COc1ccc(Nc2cc(-c3ccc(C(=O)NCCNC(=O)c4ccccc4C)cc3)ncn2)cc1,14550
O=C(O)c1ccc(C(=O)/C(=C\c2ccc(Cl)c([N+](=O)[O-])c2)SCc2ccc(F)cc2)cc1,2500
O=C(/C(=C\c1ccc(F)c([N+](=O)[O-])c1)SCc1ccc(F)cc1)c1ccc(F)cc1,2500
Nc1n[nH]c2cccc(C#Cc3cccc(C(=O)Nc4cc(C(F)(F)F)cc(C(F)(F)F)c4)c3)c12,186
Nc1n[nH]c2cccc(C#Cc3cccc(C(=O)Nc4ccc(Cl)c(C(F)(F)F)c4)c3)c12,255
Cc1ccc(NC(=O)c2ccc(CN3CCN(C)CC3)cc2)cc1Nc1nccc(-c2cccnc2)n1,176
CCN1CCN(Cc2ccc(NC(=O)CNc3ccc(-c4ccc(NC(C)=O)nc4)cc3)cc2C(F)(F)F)CC1,380
CCN1CCN(Cc2ccc(NC(=O)Cc3ccc(Oc4ccncc4)cc3)cc2C(F)(F)F)CC1,3880
Cc1ccc(NC(=O)c2ccc(CN3CCOCC3)cc2)cc1-n1cc(-c2cccnc2)cn1,178
CC(=O)Nc1ccc(-c2cccc(C(=O)N[C@H]3CN[C@@H](C(=O)Nc4ccc(Cl)c(C(F)(F)F)c4)C3)c2)cn1,490
C[C@H](NC(=O)c1ccc(-c2ccc(NS(C)(=O)=O)nc2)cc1)C(=O)Nc1ccc(Cl)c(C(F)(F)F)c1,9950
COc1ccc(Nc2cc(-c3ccc(C(=O)N4CCN(C(=O)c5ccc(F)cc5)CC4)cc3)ncn2)cc1,35660
COc1ccc(Nc2cc(-c3ccc(C(=O)NCCNC(=O)c4cccc(F)c4)cc3)ncn2)cc1,11300
Cc1cn(-c2cc(NC(=O)c3ccc(C)c(C#Cc4cnc(NCCO)nc4)c3)cc(C(F)(F)F)c2)cn1,18
Cc1cn(-c2cc(NC(=O)c3ccc(C)c(C#Cc4cnc(NC5CCCCC5)nc4)c3)cc(C(F)(F)F)c2)cn1,93
Cc1ccc(NC(=O)c2ccc(Cn3ccnc3)cc2)cc1-n1cc(-c2cccnc2)cn1,326
CCN1CCN(c2cc(Nc3ncc(C(=O)Nc4ccccc4N)s3)ncn2)CC1,21200
Nc1n[nH]c2cccc(C#Cc3cccc(NC(=O)c4cccc(C(F)(F)F)c4)c3)c12,313
Cc1cn(-c2cc(C(=O)Nc3cccc(C#Cc4cccc5[nH]nc(N)c45)c3)cc(C(F)(F)F)c2)cn1,15.4
Cc1cn(-c2cc(NC(=O)c3ccc(C)c(C#Cc4cnc(NC(C)C)nc4)c3)cc(C(F)(F)F)c2)cn1,125
Cc1cn(-c2cc(NC(=O)c3ccc(C)c(C#Cc4cnc(N5CCCCC5)nc4)c3)cc(C(F)(F)F)c2)cn1,904
Nc1n[nH]c2cccc(C#Cc3cccc(NC(=O)c4cc(N5CCOCC5)cc(C(F)(F)F)c4)c3)c12,637
Cc1cn(-c2cc(NC(=O)c3cccc(C#Cc4cccc5[nH]nc(N)c45)c3)cc(C(F)(F)F)c2)cn1,25.8
Nc1n[nH]c2cccc(C#Cc3cccc(C(=O)Nc4cc(C(F)(F)F)cc(C(F)(F)F)c4)c3)c12,1480
Cc1cn(-c2cc(NC(=O)c3cccc(C#Cc4cccc5[nH]nc(N)c45)c3)cc(C(F)(F)F)c2)cn1,824
Nc1n[nH]c2cccc(C#Cc3cccc(C(=O)Nc4cc(CN5CCOCC5)cc(C(F)(F)F)c4)c3)c12,2510
Nc1n[nH]c2cccc(C#Cc3cccc(C(=O)Nc4ccc(Cl)c(C(F)(F)F)c4)c3)c12,1420
O=S(=O)(c1ccc(F)cc1)N1CCN(c2nc(N3CCOCC3)ncc2Br)CC1,4520
O=S(=O)(C1CC1)N1CCN(c2nc(N3CCOCC3)ncc2Br)CC1,220
Nc1n[nH]c2cccc(-c3ccc(C(=O)N4CCN(C(=O)c5cccc(C(F)(F)F)c5)CC4)cc3)c12,2760
Nc1n[nH]c2cccc(-c3ccc(C(=O)N4CCN(C(=O)c5ccccc5Br)CC4)cc3)c12,180
O=C(Nc1cccc(Nc2nccc(-c3cccnc3)n2)c1)c1ccccc1,398.11
NCCCn1ccc2c(-c3ccnc(Nc4cccc(OC(F)(F)C(F)F)c4)n3)cccc21,346.74
COc1ccc(Nc2cc(-c3ccc(C(=O)N4CCN(C(=O)c5ccc(Cl)cc5Cl)CC4)cc3)ncn2)cc1,35040
COc1ccc(Nc2cc(-c3ccc(C(=O)NCCNC(=O)c4cccc(OC)c4)cc3)ncn2)cc1,8530
COc1ccc(C(=O)Nc2ccc(C)c(-n3cc(-c4cccnc4)cn3)c2)cc1,46.2
O=C(CNc1ccc(-c2ccc(NC(=O)C3CC3)nc2)cc1)Nc1ccc(CN2CCNCC2)c(C(F)(F)F)c1,210
CC(=O)Nc1ccc(-c2ccc(NCC(=O)Nc3ccc(CN4CCNCC4)c(C(F)(F)F)c3)cc2)cn1,880
CC(C)n1nc(C#Cc2cccc3cc(-c4ccc(CN5CCN(C)CC5)cc4)ncc23)c2c(N)ncnc21,211
CC(C)n1nc(C#Cc2cccc3cc(-c4cccc(C(F)(F)F)c4)ncc23)c2c(N)ncnc21,942
Cc1ccc(C(=O)N2CCN(C(=O)c3ccc(-c4ccc5c(N)n[nH]c5c4)cc3)CC2)cc1,3720
O=C(O)c1ccc(C(=O)/C(=C\c2ccc(Br)c([N+](=O)[O-])c2)SCc2ccc(F)cc2)cc1,15000
O=C(O)c1ccc(C(=O)/C(=C\c2ccc(F)c([N+](=O)[O-])c2)SCc2ccc(Cl)cc2)cc1,2500
Cc1ccc(CS/C(=C/c2ccc(F)c([N+](=O)[O-])c2)C(=O)c2ccc(C(=O)O)cc2)cc1,2500
Nc1n[nH]c2cccc(-c3ccc(C(=O)NCCNC(=O)c4ccccc4Br)cc3)c12,1040
Cc1ccc(NC(=O)c2ccc(CN3CCN(C)CC3)cc2)cc1Nc1nccc(-c2cccnc2)n1,340
Nc1n[nH]c2cccc(-c3ccc(C(=O)NCCNC(=O)c4ccc(F)c(F)c4)cc3)c12,75290
CC(C)(C)C(=O)Nc1ccc(-c2cn([C@@H]3CN[C@H](C(=O)Nc4ccc(Cl)c(C(F)(F)F)c4)C3)nn2)cn1,3443.3
CS(=O)(=O)Nc1ccc(-c2cn([C@@H]3CN[C@H](C(=O)Nc4ccc(Cl)c(C(F)(F)F)c4)C3)nn2)cn1,110.85
Cc1ccc(C(=O)N2CCN(C(=O)c3ccc(-c4cccc5[nH]nc(N)c45)cc3)CC2)cc1,5850
CN(C)c1ccc(C(=O)N2CCN(C(=O)c3ccc(-c4cccc5[nH]nc(N)c45)cc3)CC2)cc1,86060
COc1ccc(C(=O)Nc2cccc(C(F)(F)F)c2)cc1Nc1nccc(-c2cccnc2)n1,4125.31
CC(=O)Nc1ccc(C)c(Nc2nccc(-c3cccnc3)n2)c1,5754.4
O=C(Nc1cccc(Nc2nccc(-c3cccnc3)n2)c1)C1=CC=CCC1=S,302
Cc1ccc(NC(=O)c2ccc(CN3CCN(C)CC3)c(C(F)(F)F)c2)cc1Nc1nccc(-c2cccnc2)n1,5.012
Cc1ccc(C(=O)Nc2cccc(Nc3nccc(-c4cccnc4)n3)c2)cc1,1000
CCN(CC)Cc1ccc(C(=O)Nc2ccc(C)c(-n3cc(-c4cccnc4)cn3)c2)cc1,129.1
COc1ccc(C(=O)Nc2ccc(OCCN3CCCCC3)cc2)cc1Nc1nccc(-c2cccnc2)n1,1110.42
COc1ccc(C(=O)Nc2ccc(OCCN3CCOCC3)cc2)cc1Nc1nccc(-c2cccnc2)n1,63.31
CN1CCN(Cc2ccc(NC(=O)c3ccc(Cl)c(-n4cc(-c5cnc6[nH]ncc6c5)nn4)c3)cc2C(F)(F)F)CC1,0.36
Cc1ccc(C(=O)Nc2cc(-n3cncn3)cc(C(F)(F)F)c2)cc1-n1cc(-c2cnc3[nH]ncc3c2)nn1,1.03
Cc1ccc(C(=O)NCCNC(=O)c2ccc(-c3cccc4[nH]nc(N)c34)cc2)cc1,520
Nc1n[nH]c2cc(-c3ccc(C(=O)N4CCN(C(=O)c5ccc(F)cc5)CC4)cc3)ccc12,2340
O=C(c1ccc(-c2cc(Nc3ccc(F)cc3)ncn2)cc1)N1CCN(C(=O)c2cccc(C(F)(F)F)c2)CC1,1440
O=C(c1ccc(-c2cc(Nc3cccc(F)c3)ncn2)cc1)N1CCN(C(=O)c2ccccc2Cl)CC1,6060
Nc1ccc(C(=O)Nc2cccc(Nc3nccc(-c4cccnc4)n3)c2)cc1,9772.37
FC(F)C(F)(F)Oc1cccc(Nc2nccc(-c3ccncc3)n2)c1,100000
COc1ccc(C(=O)Nc2ccncc2)cc1Nc1nccc(-c2cccnc2)n1,2754.9
Cc1cn(-c2cc(NC(=O)c3ccc(C)c(Nc4nccc(-c5cccnc5)n4)c3)cc(C(F)(F)F)c2)cn1,0.33
CN1CCN(c2ccc(C(=O)Nc3n[nH]c4sc(C(=O)NC(C)(C)c5ccccc5)cc34)cc2)CC1,4.074
Cc1ccc(NC(=O)c2ccc(CN3CCN(C)CC3)c(F)c2)cc1Nc1nccc(-c2cccnc2)n1,63.1
Cc1ccc(NC(=O)c2ccc(/N=N/N(C)C)cc2)cc1Nc1nccc(-c2cccnc2)n1,2187.76
O=C(O)c1cccc(Nc2nccc(-c3cccnc3)n2)c1,7943.28
FC(F)C(F)(F)Oc1cccc(Nc2nccc(-c3c[nH]c4ccccc34)n2)c1,371.54
CCC(=O)Nc1ccc(Sc2nc(Nc3cc(C)[nH]n3)cc(N3CCN(C)CC3)n2)cc1,602.56
COc1cc(Nc2c(C#N)cnc3cc(OCCCN4CCN(C)CC4)c(OC)cc23)c(Cl)cc1Cl,1.4
Cc1ccc(NC(=O)c2ccc(CN3CCN(C)CC3)cc2)cc1Nc1nccc(-c2cccnc2)n1,1.1
Cc1ccc(-c2ccnc(Nc3cc(NC(=O)c4ccc(CN5CCN(C)CC5)cc4)ccc3C)n2)cn1,11000
COc1ccccc1C(=O)Nc1cccc(Nc2nccc(-c3cccnc3)n2)c1,1905.46
O=C(Nc1cccc(Nc2nccc(-c3cccnc3)n2)c1)C1CCCCC1,446.68
Cc1cn(-c2cc(NC(=O)c3ccc(C)c(C#Cc4cnc(NC5CCCCC5)nc4)c3)cc(C(F)(F)F)c2)cn1,458
O=S(=O)(c1ccc(-c2ccccc2)cc1)N1CCN(c2nc(Cl)ncc2Br)CC1,640
Cc1ccc(C(=O)Nc2ccc(CN3CCN(C)CC3)c(C(F)(F)F)c2)cc1C#Cc1cnc2cccnn12,0.5
Cc1ccc(C(=O)Nc2ccc(CN3C[C@H]4CN(C)C[C@H]4C3)c(C(F)(F)F)c2)cc1-n1cc(-c2cnc3[nH]ncc3c2)nn1,0.41
CCNc1ncc(C#Cc2cc(C(=O)Nc3cc(-n4cnc(C)c4)cc(C(F)(F)F)c3)ccc2C)cn1,19
COCCN/N=N/c1cccc(Nc2cc(-c3cccnc3)ncn2)c1,5370.32
O=S(=O)(c1ccc(C(F)(F)F)cc1)N1CCN(c2nc(Cl)ncc2Br)CC1,15
Cc1noc(C)c1S(=O)(=O)N1CCN(c2nc(Cl)ncc2Br)CC1,560
Cc1ncn(-c2cc(NC(=O)c3ccc(C)c(Nc4nc(-c5cccnc5)cs4)c3)cc(C(F)(F)F)c2)n1,480
N#Cc1ccc(C(=O)Nc2cccc(Nc3nccc(-c4cccnc4)n3)c2)cc1,1288.25
CCCCCCC(=O)Nc1cccc(Nc2nccc(-c3cccnc3)n2)c1,199.53
O=C(Nc1cccc(Nc2nccc(-c3cccnc3)n2)c1)c1cccnc1,151.36
Cc1ccc(NC(=O)NCCN2CCCC2)cc1Nc1nccc(-c2cccnc2)n1,8912.51
Cc1cn(-c2cc(NC(=O)c3ccc(C)c(-n4cc(-c5cnc6[nH]ncc6c5)nn4)c3)cc(C(F)(F)F)c2)cn1,1.66
Cc1ccc(C(=O)Nc2ccc(CN3CCC(N4CCN(C)CC4)CC3)c(C(F)(F)F)c2)cc1-n1cc(-c2cnc3[nH]ncc3c2)nn1,0.52
Cc1ccc(C(=O)Nc2ccc(CN3CC[C@@H](N(C)C)C3)c(C(F)(F)F)c2)cc1-n1cc(-c2cnc3[nH]ncc3c2)nn1,0.45
Cc1ccc(C(=O)Nc2ccc(CN3CCN(C)CC3)c(C(F)(F)F)c2)cc1-n1cc(-c2ccc3[nH]ccc3c2)nn1,302
Cc1ccc(C(=O)Nc2ccc(CN3CCN(C)CC3)c(C(F)(F)F)c2)cc1-n1cc(-c2cnc(NC(C)C)nc2)nn1,5.96
Nc1n[nH]c2cc(-c3ccc(C(=O)NCCNC(=O)c4ccc(F)cc4)cc3)ccc12,2450
Cc1ccc(C(=O)NCCNC(=O)c2ccc(-c3ccc4c(N)n[nH]c4c3)cc2)cc1,380
Nc1n[nH]c2cccc(-c3ccc(C(=O)N4CCN(C(=O)c5ccc(Cl)cc5Cl)CC4)cc3)c12,450
O=C(c1ccc(-c2cc(Nc3ccccc3Cl)ncn2)cc1)N1CCN(C(=O)c2ccccc2Cl)CC1,70
O=C(c1ccc(-c2cc(Nc3ccccc3F)ncn2)cc1)N1CCN(C(=O)c2ccccc2F)CC1,50
COC(=O)NC(C(=O)N1CCN(c2nc(Cl)ncc2Br)CC1)C(C)C,385
COc1ccc(Nc2cc(-c3ccc(C(=O)N4CCN(C(=O)c5cccc(F)c5)CC4)cc3)ncn2)cc1,42170
COc1ccc(Nc2cc(-c3ccc(C(=O)NCCNC(=O)c4ccc(F)c(F)c4)cc3)ncn2)cc1,4400
Cc1ccccc1C(=O)NCCNC(=O)c1ccc(-c2cccc3[nH]nc(N)c23)cc1,18
CCc1ccc(C(=O)Nc2cc(-n3cnc(C)c3)cc(C(F)(F)F)c2)cc1Nc1nc(-c2cccnc2)cs1,5510
Cc1ccc(NC(=O)c2ccc(CN3CCN(C)CC3)cc2)cc1Nc1nccc(-c2cccnc2)n1,330
Cc1cn(-c2cc(NC(=O)c3ccc(C)c(Nc4nc(-c5cccnc5)cs4)c3)cc(C(F)(F)F)c2)cn1,671
O=C(O)c1ccc(C(=O)/C(=C\c2ccc(Cl)c([N+](=O)[O-])c2)SCc2ccc(Cl)cc2Cl)cc1,2500
O=C(O)c1ccc(C(=O)/C(=C\c2ccc(Cl)c([N+](=O)[O-])c2)SCc2ccc(Br)cc2)cc1,10000
CC(=O)Nc1nc2ccc(-c3cn([C@@H]4CN[C@H](C(=O)Nc5ccc(F)c(F)c5)C4)nn3)nc2s1,201.51
Nc1n[nH]c2cccc(-c3ccc(C(=O)NCCNC(=O)c4ccc(Br)cc4)cc3)c12,31610
Nc1n[nH]c2cc(-c3ccc(C(=O)NCCNC(=O)c4ccc(F)cc4)cc3)ccc12,61200
Nc1n[nH]c2cccc(-c3ccc(C(=O)NCCNC(=O)c4ccc(F)cc4)cc3)c12,1350
Nc1n[nH]c2cc(-c3cn([C@@H]4CN[C@H](C(=O)Nc5ccc(Br)cc5)C4)nn3)ccc12,43.57
Nc1nc2ccc(-c3cn([C@@H]4CN[C@H](C(=O)Nc5ccc(Cl)c(C(F)(F)F)c5)C4)nn3)nc2s1,15.6
O=C(Nc1nc2ccc(-c3cn([C@@H]4CN[C@H](C(=O)Nc5ccc(Cl)c(C(F)(F)F)c5)C4)nn3)nc2s1)C1CC1,24.65
CCN1CCN(c2cc(Nc3ncc(C(=O)Nc4ccccc4N)s3)nc(C)n2)CC1,21200
O=C(Nc1cccc(Nc2nccc(-c3cccnc3)n2)c1)c1ccccn1,3801.89
O=C(/C(=C\c1ccc(F)c([N+](=O)[O-])c1)SCc1ccc(F)cc1)c1ccc(C(=O)N2CCN(CCO)CC2)cc1,500
O=C(O)c1ccc(C(=O)/C(=C\c2ccc(F)c([N+](=O)[O-])c2)SCc2ccc(Br)cc2)cc1,500
Cc1cn(-c2cc(NC(=O)c3ccc(C)c(/C=C/N4CNc5c(NC6CC6)ncnc54)c3)cc(C(F)(F)F)c2)cn1,8
O=C(O)c1ccc(C(=O)/C(=C\c2ccc(Br)c([N+](=O)[O-])c2)SCc2ccc(Cl)cc2Cl)cc1,2500
O=C(O)c1ccc(C(=O)/C(=C\c2ccc(F)c([N+](=O)[O-])c2)SCc2ccc(F)cc2)cc1,2500
O=C(O)c1ccc(C(=O)/C(=C\c2ccc(F)c([N+](=O)[O-])c2)SCc2ccc(Cl)cc2Cl)cc1,2500
Nc1n[nH]c2cc(-c3ccc(C(=O)NCCNC(=O)c4ccc(Cl)c(C(F)(F)F)c4)cc3)ccc12,170
CN(C)c1ccc(C(=O)NCCNC(=O)c2ccc(-c3ccc4c(N)n[nH]c4c3)cc2)cc1,3450
Cc1ccc(C(=O)NCCNC(=O)c2ccc(-c3ccc4c(N)n[nH]c4c3)cc2)cc1,4300
COc1cc(Nc2c(C#N)cnc3cc(OCCCN4CCN(C)CC4)c(OC)cc23)c(Cl)cc1Cl,44
Nc1n[nH]c2cc(-c3cn([C@@H]4CN[C@H](C(=O)Nc5ccc(Cl)cc5Cl)C4)nn3)ccc12,8.6
COC(=O)c1cccc(Nc2nccc(-c3cccnc3)n2)c1,5128.61
O=C(Nc1cccc(Nc2nccc(-c3cccnc3)n2)c1)c1ccncc1,501.19
CCN1CCN(Cc2cc(Nc3ncc(C(=O)Nc4ccccc4N)s3)nc(C)n2)CC1,21.2
Cc1ccc(NC(=O)c2ccc(/C=C/C(=O)NO)cc2)cc1Nc1nc(-c2cccnc2)cs1,2700
Cc1ccc(C(=O)Nc2cccc(C#Cc3cccc4[nH]nc(N)c34)c2)cc1C(F)(F)F,104
Cc1cn(-c2cc(C(=O)Nc3cccc(C#Cc4cccc5[nH]nc(N)c45)c3)cc(C(F)(F)F)c2)cn1,1440
Nc1n[nH]c2cccc(C#Cc3cccc(C(=O)Nc4cccc(C(F)(F)F)c4)c3)c12,2260
Cc1ccc(NC(=O)c2ccc(CN3CCN(CCO)CC3)cc2)cc1-n1cc(-c2cccnc2)cn1,175.3
CC(C)(C)c1ccc(C(=O)N2CCN(C(=O)c3ccc(-c4ccccn4)cc3)CC2)cc1,1156
COc1ccc(Nc2cc(-c3ccc(C(=O)N4CCN(C(=O)c5ccccc5Cl)CC4)cc3)ncn2)cc1,73910
COc1ccc(Nc2cc(-c3ccc(C(=O)NCCNC(=O)c4ccccc4Cl)cc3)ncn2)cc1,9240
CCc1ccc(C(=O)Nc2ccc(C)c(-n3cc(-c4cnc5cccnn45)cn3)c2)cc1,19.4
Cc1ccc(NC(=O)c2ccc(CN3CCCN(C)CC3)cc2)cc1-n1cc(-c2cnc3ccnn3c2)cn1,621
Cc1ccc(NC(=O)c2ccc(C(F)(F)F)cc2)cc1-n1cc(-c2cnc3ccnn3c2)cn1,803.7
CN(C)CCNC(=O)c1cncc(-c2cccc(C(=O)N[C@H]3CN[C@@H](C(=O)Nc4ccc(Cl)c(C(F)(F)F)c4)C3)c2)c1,2410
CS(=O)(=O)Nc1ccc(-c2ccc(C(=O)N[C@H]3CN[C@@H](C(=O)Nc4ccc(Cl)c(C(F)(F)F)c4)C3)cc2)cn1,36920
CN(C)CCNC(=O)c1cncc(-c2ccc(C(=O)N[C@H]3CN[C@@H](C(=O)Nc4ccc(Cl)c(C(F)(F)F)c4)C3)cc2)c1,22100
CCN(CC)C(=O)c1cncc(-c2cccc(C(=O)N[C@H]3CN[C@@H](C(=O)Nc4ccc(Cl)c(C(F)(F)F)c4)C3)c2)c1,42670
C[C@H](NC(=O)c1ccc(-c2cncc(C(=O)NCCN(C)C)c2)cc1)C(=O)Nc1ccc(Cl)c(C(F)(F)F)c1,6620
CS(=O)(=O)Nc1ccc(-c2ccc(C(=O)N[C@H]3CN[C@@H](C(=O)Nc4ccc(Cl)c(C(F)(F)F)c4)C3)cc2)cn1,150
O=C(c1cc2cc(O)ccc2[nH]1)c1cc2cc(O)ccc2[nH]1,4200
COc1ccc(-c2cnn3c(N)c(-c4ccccc4)c(OC4CCN(C)CC4)nc23)cc1OC,870
COc1ccccc1C(=O)NCCNC(=O)c1ccc(-c2cccc3[nH]nc(N)c23)cc1,250
[2H]C([2H])([2H])N1CCN(Cc2ccc(C(=O)Nc3ccc(C)c(Nc4nccc(-c5cccnc5)n4)c3)cc2)CC1,436
O=C(O)c1ccc(C(=O)/C(=C\c2ccc(Br)c([N+](=O)[O-])c2)SCc2ccc(Cl)cc2)cc1,2500
CC1CN(c2cncnc2)Cc2cc(C(=O)Nc3ccc(CN4CCN(C)CC4)c(C(F)(F)F)c3)ccc21,547
CC(C)n1nc(C#Cc2cccc3cc(-c4ccc(CN5CCN(C)CC5)cc4)ncc23)c2c(N)ncnc21,354
O=C(Nc1n[nH]c2cc(-c3cn([C@@H]4CN[C@H](C(=O)Nc5ccc(Cl)c(C(F)(F)F)c5)C4)nn3)ccc12)C1CC1,1.5
O=C(Nc1n[nH]c2cc(-c3cn([C@@H]4CN[C@H](C(=O)Nc5ccc(Cl)cc5Cl)C4)nn3)ccc12)C1CC1,0.83
O=C(Nc1nc2ccc(-c3cn([C@@H]4CN[C@H](C(=O)Nc5ccc(F)c(F)c5)C4)nn3)nc2s1)C1CC1,30.06
O=C(O)c1ccc(C(=O)/C(=C\c2ccc(F)c([N+](=O)[O-])c2)SCc2ccc(C(F)(F)F)cc2)cc1,200
O=C(O)c1ccc(C(=O)/C(=C\c2ccc(F)c([N+](=O)[O-])c2)Sc2ccc(Br)cc2)cc1,20000
CCN(CC)CCNC(=O)c1ccc(C(=O)/C(=C\c2ccc(F)c([N+](=O)[O-])c2)SCc2ccc(Br)cc2)cc1,500
Cc1ccc(NC(=O)c2ccc(CN3CCN(CCO)CC3)cc2)cc1Nc1nccc(-c2cccnc2)n1,7083
Cc1ccc(NC(=O)c2ccc(CN3CCN(CCF)CC3)cc2)cc1Nc1nccc(-c2cccnc2)n1,1378
Cc1ccc(NC(=O)c2ccc(C(F)(F)F)cc2)cc1-n1cc(-c2cnc3cccnn23)cn1,74.1
Cc1ccc(NC(=O)c2cccc(Cl)c2)cc1-n1cc(-c2cnc3cccnn23)cn1,22.2
Cc1ccc(NC(=O)c2cccc(C(F)(F)F)c2)cc1-n1cc(-c2cnc3cccnn23)cn1,8.5
CN1CCN(Cc2cc(NC(=O)c3cccc(C#Cc4cccc5[nH]nc(N)c45)c3)cc(C(F)(F)F)c2)CC1,56.7
Cc1cc(Nc2ncc(C(=O)Nc3c(C)cccc3Cl)s2)nc(C)n1,3
Nc1n[nH]c2cccc(-c3ccc(C(=O)N4CCN(C(=O)c5ccc(F)cc5)CC4)cc3)c12,20860
Nc1n[nH]c2cccc(-c3ccc(C(=O)N4CCN(C(=O)c5cccc(F)c5)CC4)cc3)c12,2070
CN(C)c1cccc(C(=O)N2CCN(C(=O)c3ccc(-c4cccs4)cc3)CC2)c1,321
COc1ccc(Nc2cc(-c3ccc(C(=O)NCCNC(=O)c4cccc(N(C)C)c4)cc3)ncn2)cc1,9250
O=C(c1ccc(-c2cc(Nc3cccc(C(F)(F)F)c3)ncn2)cc1)N1CCN(C(=O)c2ccccc2F)CC1,872
Cc1ccc(NC(=O)c2ccc(CN3CCOCC3)cc2)cc1-n1cc(-c2cnc3ccnn3c2)cn1,2436
CCc1ccc(C(=O)Nc2cccc(C(F)(F)F)c2)cc1-c1cccc(-c2cnc3cnccn23)c1,2220
O=C(O)c1ccc(C(=O)/C(=C\c2ccc(Cl)c([N+](=O)[O-])c2)SCc2ccc(Cl)cc2)cc1,10000
O=C(O)c1ccc(C(=O)/C(=C\c2ccc(Cl)c([N+](=O)[O-])c2)SCc2ccccc2F)cc1,10000
O=C(O)c1ccc(C(=O)/C(=C\c2ccc(F)c([N+](=O)[O-])c2)SCc2ccccc2)cc1,2500
CN1CCN(CCNC(=O)c2ccc(C(=O)/C(=C\c3ccc(F)c([N+](=O)[O-])c3)SCc3ccc(Br)cc3)cc2)CC1,2500
Nc1n[nH]c2cc(-c3ccc(C(=O)NCCNC(=O)c4ccc(Cl)c(C(F)(F)F)c4)cc3)ccc12,43
Nc1n[nH]c2cccc(-c3ccc(C(=O)NCCNC(=O)c4ccc(Br)cc4)cc3)c12,94840
COc1ccc(C(=O)Nc2ncccn2)cc1Nc1nccc(-c2cccnc2)n1,3.78
CC(C)(NC(=O)c1cc2c(NC(=O)c3ccc(CN4CCCCC4)cc3)n[nH]c2s1)c1ccccc1,20.89
O=C(c1cc(Cl)c(Cl)c(Cl)n1)N1CCN(c2nc(Cl)ncc2Br)CC1,1440
O=C(c1ccc(F)cc1)N1CCN(c2nc(Cl)ncc2Br)CC1,19
CN(C)c1cccc(C(=O)N2CCN(C(=O)c3ccc(-c4cccnc4)cc3)CC2)c1,10220
CC(C)c1cc(CN2CCN(C)CC2)cc(NC(=O)c2ccc3c(c2)CN(c2cncnc2)CC3C)c1,8700
COc1ccc(C(=O)Nc2ccc(OCCN3CCCC3)cc2)cc1Nc1nccc(-c2cccnc2)n1,350.08
Cc1ccccc1C(=O)N1CCN(C(=O)c2ccc(-c3cccc4[nH]nc(N)c34)cc2)CC1,8560
Cc1ccc(S(=O)(=O)N2CCN(c3nc(Cl)ncc3Br)CC2)cc1,58000
O=C(O)c1ccc(C(=O)/C(=C\c2ccc(F)c([N+](=O)[O-])c2)SCc2ccc(Br)cc2)cc1,750
Nc1n[nH]c2cccc(C#Cc3cccc(C(=O)Nc4cccc(C(F)(F)F)c4)c3)c12,210
Nc1n[nH]c2cccc(C#Cc3cccc(C(=O)Nc4ccc(CN5CCOCC5)c(C(F)(F)F)c4)c3)c12,194.5
COc1ccc(Nc2cc(-c3ccc(C(=O)N4CCN(C(=O)c5cccc(C(F)(F)F)c5)CC4)cc3)ncn2)cc1,51920
COc1ccc(Nc2cc(-c3ccc(C(=O)N4CCN(C(=O)c5ccccc5F)CC4)cc3)ncn2)cc1,8960
O=C(c1ccc(-c2cc(Nc3cc(C(F)(F)F)cc(C(F)(F)F)c3)ncn2)cc1)N1CCN(C(=O)c2ccccc2F)CC1,130
CC(C)c1ccc(C(=O)Nc2ccc(CN3CCN(C)CC3)c(C(F)(F)F)c2)cc1-n1cc(-c2cnc3[nH]ncc3c2)nn1,66
Nc1n[nH]c2cccc(C#Cc3cccc(NC(=O)c4ccc(N5CCOCC5)c(C(F)(F)F)c4)c3)c12,227
CCc1ccc(C(=O)Nc2cccc(C(F)(F)F)c2)cc1-c1cc(C#N)cc(-c2cnc3cnccn23)c1,5637
COc1cc(Nc2c(C#N)cnc3cc(OCCCN4CCN(C)CC4)c(OC)cc23)c(Cl)cc1Cl,20
CCc1ccc(C(=O)Nc2ccc(C(F)(F)F)cc2)cc1-c1cccc(-c2cnc3cnccn23)c1,4992
CC(C)n1nc(C#Cc2cccc(NC(=O)c3cccc(C(F)(F)F)c3)c2)c2c(N)ncnc21,7.5
CC(=O)Nc1n[nH]c2cc(-c3cn([C@@H]4CN[C@H](C(=O)Nc5ccc(Cl)cc5Cl)C4)nn3)ccc12,135.44
O=C(Nc1nc2ccc(-c3cn([C@@H]4CN[C@H](C(=O)Nc5ccc(Cl)c(C(F)(F)F)c5)C4)nn3)nc2s1)C1CC1,109.91
CC(C)(C)OC(=O)N1C[C@@H](n2cc(-c3ccc4nc(N)sc4n3)nn2)C[C@H]1C(=O)Nc1ccc(Br)cc1,25.21
Cc1ccc(C(=O)Nc2cccc(C#Cc3cccc4[nH]nc(N)c34)c2)cc1C(F)(F)F,2960
CN1CCN(c2ccc(C(=O)Nc3cccc(C#Cc4cccc5[nH]nc(N)c45)c3)cc2C(F)(F)F)CC1,1120
Cc1cc(NC(=O)c2ccc(C)c(Nc3nc(-c4cccnc4)cs3)c2)cc(-n2cnc(C)c2)c1,774
Cc1cn(-c2cc(NC(=O)c3ccc(C)c(Nc4nc(-c5cccnc5)cs4)c3)cc(C(C)C)c2)cn1,177
C[C@H](NC(=O)c1cccc(-c2cncc(C(=O)NCCN(C)C)c2)c1)C(=O)Nc1ccc(Cl)c(C(F)(F)F)c1,2410
COc1ccc(C(=O)Nc2ccc(F)c(Cl)c2)cc1Nc1nccc(-c2cccnc2)n1,4.73
COc1ccc(C(=O)Nc2ccc(OCCCN(C)C)cc2)cc1Nc1nccc(-c2cccnc2)n1,0.52
O=C(Nc1ccc(-c2cn([C@@H]3CN[C@H](C(=O)Nc4ccc(Cl)c(C(F)(F)F)c4)C3)nn2)cn1)C1CC1,0.65
CC(C)(C)OC(=O)N1C[C@@H](n2cc(-c3ccc4nc(N)sc4n3)nn2)C[C@H]1C(=O)Nc1ccc(Br)cc1,6.88
O=C(Nc1n[nH]c2cc(-c3cn([C@@H]4CN[C@H](C(=O)Nc5ccc(Cl)c(C(F)(F)F)c5)C4)nn3)ccc12)C1CC1,188.4
CN1CCN(c2ccc(C(=O)Nc3n[nH]c4c3CN(C(=O)Cc3cccs3)C4)cc2)CC1,64.57
Cc1ccc(NC(=O)c2ccc(CN3CCC(N(C)C)C3)c(C(F)(F)F)c2)cc1Nc1nccc(-c2cncnc2)n1,3.981
Cc1ccc(NC(=O)c2ccc(CN3CCN(C)CC3)c(C(F)(F)F)c2)cc1Nc1nccc(-c2cncnc2)n1,3.981
Cc1ccc(NC(=O)NCc2cccc(Cl)c2)cc1Nc1nccc(-c2cccnc2)n1,1000
Cc1ccc(NC(=O)c2ccc(/N=N/N(C)CCCl)cc2)cc1Nc1nccc(-c2cccnc2)n1,17378.01
Cc1ccc(NC(=O)c2ccc(N=NN(C)CO)cc2)cc1Nc1nccc(-c2cccnc2)n1,3162.28
O=[N+]([O-])c1cccc(Nc2nccc(-c3ccncc3)n2)c1,61659.5
O=[N+]([O-])c1cccc(Nc2nccc(-c3cccnc3)n2)c1,33884.42
NCCCCNC(=O)c1cccc(Nc2nccc(-c3cccnc3)n2)c1,398.11
O=C(Nc1cccc(Nc2nccc(-c3cccnc3)n2)c1)c1ccc(F)cc1,199.53
Cc1ccc(NC(=O)c2ccc(CN3CCCC3)cc2)cc1-n1cc(-c2cccnc2)cn1,117.4
O=C(c1ccc(-c2cccnc2)cc1)N1CCN(C(=O)c2cccc(F)c2)CC1,276
CCN(CC)C(=O)c1cncc(-c2ccc(C(=O)N[C@H]3CN[C@@H](C(=O)Nc4ccc(Cl)c(C(F)(F)F)c4)C3)cc2)c1,30470
CN(C)CCNC(=O)c1cncc(-c2cccc(C(=O)N[C@H]3CN[C@@H](C(=O)Nc4ccc(Cl)c(C(F)(F)F)c4)C3)c2)c1,21750
Cc1ccc(NC(=O)c2ccc(CN3CCCN(C)CC3)cc2)cc1-n1cc(-c2cccnc2)cn1,26.58
CN(C)CCNC(=O)c1cncc(-c2ccc(C(=O)N[C@H]3CN[C@@H](C(=O)Nc4ccc(Cl)c(C(F)(F)F)c4)C3)cc2)c1,4230
C[C@H](NC(=O)c1ccc(-c2cncc(C(=O)NC3CC3)c2)cc1)C(=O)Nc1ccc(Cl)c(C(F)(F)F)c1,4990
C[C@H](NC(=O)c1ccc(-c2ccc(NC(=O)C(C)(C)C)nc2)cc1)C(=O)Nc1ccc(Cl)c(C(F)(F)F)c1,41
CCN(CC)C(=O)c1cncc(-c2ccc(C(=O)N[C@H]3CN[C@@H](C(=O)Nc4ccc(Cl)c(C(F)(F)F)c4)C3)cc2)c1,7400
C[C@H](NC(=O)c1cccc(-c2ccc(NC(=O)C(C)(C)C)nc2)c1)C(=O)Nc1ccc(Cl)c(C(F)(F)F)c1,4480
CC(=O)Nc1ccc(-c2ccc(C(=O)N[C@H]3CN[C@@H](C(=O)Nc4ccc(Cl)c(C(F)(F)F)c4)C3)cc2)cn1,34470
C[C@H](NC(=O)c1ccc(-c2cncc(C(=O)NCCN(C)C)c2)cc1)C(=O)Nc1ccc(Cl)c(C(F)(F)F)c1,2280
C[C@H](NC(=O)c1cccc(-c2cncc(C(=O)NC3CC3)c2)c1)C(=O)Nc1ccc(Cl)c(C(F)(F)F)c1,7830
Cc1ccc(NC(=O)c2ccc(CN3CCN(C)CC3)c(Cl)c2)cc1Nc1nccc(-c2cccnc2)n1,10
Cc1ccc(NC(=O)c2ccc(CN3CCN(C)CC3)cc2)cc1Nc1nccc(-c2cccnc2)n1,309
CCN(CC)c1cccc(NC(=O)Nc2ccc(C)c(Nc3nccc(-c4cccnc4)n3)c2)c1,1000
Cc1cccc(Nc2nccc(-c3cccnc3)n2)c1,1819.7
O=[N+]([O-])c1cccc(Nc2nccc(-c3ccccn3)n2)c1,1202.26
c1cc(Nc2nccc(-c3cccnc3)n2)cc(OCCn2ccnc2)c1,1000
Cc1ccc(NC(=O)c2ccc(Cl)cc2)cc1Nc1nccc(-c2cccnc2)n1,794.33
Cc1ccc(NC(=O)c2ccc3ccccc3c2)cc1Nc1nccc(-c2cccnc2)n1,199.53
CC1CN(c2cncnc2)Cc2cc(C(=O)Nc3cc(CN4CCN(C)CC4)cc(C4CC4)c3)ccc21,9900
CCN1CCN(c2cc(Nc3ncc(C(=O)Nc4ccc(F)cc4N)s3)ncn2)CC1,17800
Cc1ccc(C(=O)Nc2cc(-n3ccnc3)cc(C(F)(F)F)c2)cc1Nc1nc(-c2cccnc2)cs1,507
Cc1ccc(C(=O)Nc2cc(-c3cnn(C)c3)cc(C(F)(F)F)c2)cc1Nc1nc(-c2cccnc2)cs1,491
Cc1cn(-c2cc(Cl)cc(NC(=O)c3ccc(C)c(Nc4nc(-c5cccnc5)cs4)c3)c2)cn1,1300
O=S(=O)(c1cc(C(F)(F)F)cc(C(F)(F)F)c1)N1CCN(c2nc(Cl)ncc2Br)CC1,2250
O=C(c1ccc(Cl)cc1[N+](=O)[O-])N1CCN(c2nc(Cl)ncc2Br)CC1,2580
O=C(c1c(F)cccc1F)N1CCN(c2nc(N3CCOCC3)ncc2Br)CC1,890
O=C(c1ccc(-c2cc(Nc3cccc(Cl)c3)ncn2)cc1)N1CCN(C(=O)c2ccccc2F)CC1,91800
CCN(CC)CCOc1ccc(NC(=O)c2ccc(OC)c(Nc3nccc(-c4cccnc4)n3)c2)cc1,1.48
Nc1n[nH]c2cc(-c3ccc(C(=O)NCCNC(=O)c4ccc(Br)cc4)cc3)ccc12,2160
Nc1n[nH]c2cccc(-c3ccc(C(=O)N4CCN(C(=O)c5ccc(Cl)c(C(F)(F)F)c5)CC4)cc3)c12,10660
Cc1ccc(C(=O)Nc2cc(-c3cn(C)nn3)cc(C(F)(F)F)c2)cc1Nc1nc(-c2cccnc2)cs1,277
Cc1ccc(NC(=O)c2ccc(CN3CCN(C)CC3)cc2)cc1-n1cc(-c2cnc3cccnn23)cn1,26.07
Cc1ccc(S(=O)(=O)N2CCN(c3nc(N4CCOCC4)ncc3Br)CC2)c(C)c1,1690
Cc1ccc(NC(=O)c2ccc(CN3CCN(C)CC3)cc2)cc1Nc1nccc(-c2cccnc2)n1,25
CO[C@H](C(=O)N1Cc2[nH]nc(NC(=O)c3ccc(N4CCN(C)CC4)cc3)c2C1)c1ccccc1,47
COc1cccc(Nc2cc(-c3ccc(C(=O)N4CCN(C(=O)c5cccc(C(F)(F)F)c5)CC4)cc3)ncn2)c1,13500
O=C(c1ccc(-c2cc(Nc3cccc(C(F)(F)F)c3)ncn2)cc1)N1CCN(C(=O)c2cccc(C(F)(F)F)c2)CC1,563
CC(=O)c1cccc(Nc2cc(-c3ccc(C(=O)N4CCN(C(=O)c5ccccc5F)CC4)cc3)ncn2)c1,385
O=C(c1ccc(-c2cc(Nc3ccc(C(F)(F)F)cc3)ncn2)cc1)N1CCN(C(=O)c2ccccc2F)CC1,78600
CC(=O)Nc1ccc(-c2ccc(C(=O)N[C@@H](C)C(=O)Nc3ccc(Cl)c(C(F)(F)F)c3)cc2)cn1,200
C[C@H](NC(=O)c1cccc(-c2ccc(N)nc2)c1)C(=O)Nc1ccc(Cl)c(C(F)(F)F)c1,86840
CNc1ncc(C#Cc2cc(C(=O)Nc3cc(-n4cnc(C)c4)cc(C(F)(F)F)c3)ccc2C)cn1,10
CCc1ccc(C(=O)Nc2ccc(CN3CCN(C)CC3)c(C(F)(F)F)c2)cc1-n1cc(-c2cnc3[nH]ncc3c2)nn1,0.98
CCc1ccc(C(=O)Nc2cc(CN3CCN(C)CC3)cc(C(F)(F)F)c2)cc1C#Cc1cnc2ccnn2c1,355
CCc1ccc(C(=O)Nc2cccc(CN3CCN(C)CC3)c2)cc1-c1cccc(-c2cnc3cnccn23)c1,989.3
Cc1ccc(C(=O)Nc2cccc(C(F)(F)F)c2)cc1-c1cccc(-c2cnc3cnccn23)c1,237
Cc1ccc(NC(=O)c2ccc(CN3CCC(CN(C)C)C3)c(C(F)(F)F)c2)cc1Nc1nccc(-c2cncnc2)n1,10.96
Nc1ncnc2c1c(-c1cccc(O)c1)cn2C1CCCC1,58
CC(=O)N1CCN([C@H]2C[C@@H](n3cc(-c4cc(O)ccc4F)c4c(N)ncnc43)C2)CC1,4200
COc1cccc(C(=O)N2CCN(C(=O)c3ccc(-c4cccc5[nH]nc(N)c45)cc3)CC2)c1,49200
Nc1n[nH]c2cccc(-c3ccc(C(=O)NCCNC(=O)c4cccc(C(F)(F)F)c4)cc3)c12,56270
Nc1n[nH]c2cccc(-c3ccc(C(=O)NCCNC(=O)c4ccc(Cl)c(C(F)(F)F)c4)cc3)c12,110
Nc1n[nH]c2cccc(-c3ccc(C(=O)N4CCN(C(=O)c5ccc(F)cc5)CC4)cc3)c12,17560
CN(C)c1ccc(C(=O)NCCNC(=O)c2ccc(-c3ccc4c(N)n[nH]c4c3)cc2)cc1,290
Nc1n[nH]c2cccc(-c3ccc(C(=O)NCCNC(=O)c4ccc(F)cc4)cc3)c12,38530
Nc1n[nH]c2cc(-c3ccc(C(=O)NCCNC(=O)c4ccc(Br)cc4)cc3)ccc12,2680
CNc1ncc(-c2cn(-c3cc(C(=O)Nc4ccc(CN5CCN(C)CC5)c(C(F)(F)F)c4)ccc3C)nn2)cn1,0.54
Cc1ccc(C(=O)Nc2ccc(CN3CCN(C)CC3)c(C(F)(F)F)c2)cc1-n1cc(-c2cnc3ccccn23)nn1,0.52
CN1CCN(Cc2ccc(NC(=O)c3cccc(-n4cc(-c5cnc6[nH]ncc6c5)nn4)c3)cc2C(F)(F)F)CC1,1.01
Cc1ncn(-c2cc(NC(=O)c3ccc(C)c(-n4cc(-c5cnc6[nH]ncc6c5)nn4)c3)cc(C(F)(F)F)c2)n1,1.94
Cc1ccc(C(=O)Nc2ccc(CN3CCN(C)CC3)c(C(F)(F)F)c2)cc1-n1cc(-c2cnc3ncnn3c2)nn1,22.6
Cc1ccc(C(=O)Nc2ccc(CN3CCN(C)CC3)c(C(F)(F)F)c2)cc1-n1cc(-c2cnc(NC3CC3)nc2)nn1,1.01
Cc1ccc(C(=O)Nc2ccc(CN3CCN(C)CC3)c(C(F)(F)F)c2)cc1-n1cc(-c2cnc(N)nc2)nn1,0.78
Cc1ccc(C(=O)Nc2ccc(CN3CCN(C)CC3)c(C(F)(F)F)c2)cc1-n1cc(-c2cnc3cccnn23)nn1,2.67
O=C(c1ccc(Br)cc1)N1CCN(C(=O)c2ccc(-c3nccs3)cc2)CC1,421
COc1cccc(C(=O)N2CCN(C(=O)c3ccc(-c4nccs4)cc3)CC2)c1,16
COc1cccc(C(=O)N2CCN(C(=O)c3ccc(-c4cc(C)ccn4)cc3)CC2)c1,940
Cc1cn(-c2cc(NC(=O)c3ccc(C)c(C#Cc4cnc(NC(C)(C)C)nc4)c3)cc(C(F)(F)F)c2)cn1,24
Cc1ccc(NC(=O)c2ccc(F)cc2)cc1-n1cc(-c2cnc3cccnn23)cn1,80.9
Nc1n[nH]c2cccc(-c3ccc(C(=O)N4CCN(C(=O)c5cccc(C(F)(F)F)c5)CC4)cc3)c12,94570
Cc1cccc(C(=O)N2CCN(C(=O)c3ccc(-c4cccc5[nH]nc(N)c45)cc3)CC2)c1,2370
Nc1n[nH]c2cccc(C#Cc3cccc(NC(=O)c4cc(C(F)(F)F)cc(C(F)(F)F)c4)c3)c12,667
CN1CCN(Cc2cc(NC(=O)c3cccc(C#Cc4cccc5[nH]nc(N)c45)c3)cc(C(F)(F)F)c2)CC1,1635
Cc1ccc(NC(=O)N2CCN(C)CC2)cc1Nc1nccc(-c2cccnc2)n1,5011.87
Cc1ccc(NC(=O)c2ccc(CN3CCOCC3)cc2)cc1-n1cc(-c2cnc3cccnn23)cn1,108.6
Nc1n[nH]c2cccc(C#Cc3cccc(NC(=O)c4cc(F)cc(C(F)(F)F)c4)c3)c12,172
Nc1n[nH]c2cccc(C#Cc3cccc(NC(=O)c4cc(F)cc(C(F)(F)F)c4)c3)c12,5280
Cc1ccc(C(=O)Nc2ccc(CN3CCCCC3)c(C(F)(F)F)c2)cc1-n1cc(-c2cnc3[nH]ncc3c2)nn1,2.56
CS(=O)(=O)N1CCN(c2nc(Cl)ncc2Br)CC1,255
O=C(c1c(F)cccc1F)N1CCN(c2nc(Cl)ncc2Br)CC1,2650
O=C(c1ccc(F)cc1)N1CCN(c2nc(N3CCOCC3)ncc2Br)CC1,24
Nc1n[nH]c2cccc(-c3ccc(C(=O)N4CCN(C(=O)c5ccc(Cl)cc5Cl)CC4)cc3)c12,14
COc1cccc(Nc2cc(-c3ccc(C(=O)N4CCN(C(=O)c5ccccc5F)CC4)cc3)ncn2)c1,16100
C[C@H]1CN(c2cncnc2)Cc2cc(C(=O)Nc3cc(CN4CCCN(C)CC4)cc(C(F)(F)F)c3)ccc21,8100
CC(=O)Nc1n[nH]c2cc(-c3cn([C@@H]4CN[C@H](C(=O)Nc5ccc(Br)cc5)C4)nn3)ccc12,343.19
CC(=O)Nc1nc2ccc(-c3cn([C@@H]4CN[C@H](C(=O)Nc5ccc(F)c(F)c5)C4)nn3)nc2s1,1892
Nc1ccc(-c2cn([C@@H]3CN[C@H](C(=O)Nc4ccc(Cl)c(C(F)(F)F)c4)C3)nn2)cn1,3.11
Cc1cn(-c2cc(NC(=O)c3ccc(C)c(Nc4nccc(-c5cccnc5)n4)c3)cc(C(F)(F)F)c2)cn1,216.1
Nc1n[nH]c2cc(-c3ccc(C(=O)N4CCN(C(=O)c5ccc(Br)cc5)CC4)cc3)ccc12,6280
Nc1n[nH]c2cccc(-c3ccc(C(=O)NCCNC(=O)c4ccc(Cl)c(C(F)(F)F)c4)cc3)c12,20000
Nc1n[nH]c2cc(-c3ccc(C(=O)N4CCN(C(=O)c5ccc(F)cc5)CC4)cc3)ccc12,8600
CC1CN(c2cncnc2)Cc2cc(C(=O)Nc3cc(CN4CCN(C)CC4)cc(C(C)(C)C)c3)ccc21,4300
CC(C)(C)c1ccc(S(=O)(=O)N2CCN(c3nc(N4CCOCC4)ncc3Br)CC2)cc1,1150
Cc1cn(-c2cc(NC(=O)c3ccc(C)c(Nc4nccc(-c5cccnc5)n4)c3)cc(C(F)(F)F)c2)cn1,23.5
O=S(=O)(c1ccc2ccccc2c1)N1CCN(c2nc(N3CCOCC3)ncc2Br)CC1,440
O=S(=O)(c1ccc(-c2ccccc2)cc1)N1CCN(c2nc(N3CCOCC3)ncc2Br)CC1,320
Cc1ccc(C(=O)Nc2ccc(CN3CCN(C)CC3)c(C(F)(F)F)c2)cc1-n1cc(-c2cnn3cccnc23)nn1,2.25
Cc1ccc(C(=O)Nc2ccc(CN3CCCN(C)CC3)c(C(F)(F)F)c2)cc1-n1cc(-c2cnc3[nH]ncc3c2)nn1,0.45
Cc1ccc(C(=O)Nc2ccc(CN3CC[C@H](N(C)C)C3)c(C(F)(F)F)c2)cc1-n1cc(-c2cnc3[nH]ncc3c2)nn1,0.52
CN(C)CCNC(=O)c1cncc(-c2cn([C@@H]3CN[C@H](C(=O)Nc4ccc(Cl)c(C(F)(F)F)c4)C3)nn2)c1,29.2
CC(=O)Nc1n[nH]c2cc(-c3cn([C@@H]4CN[C@H](C(=O)Nc5ccc(Cl)cc5Cl)C4)nn3)ccc12,3.15
O=C(Nc1nc2ccc(-c3cn([C@@H]4CN[C@H](C(=O)Nc5ccc(Br)cc5)C4)nn3)nc2s1)C1CC1,10.37
O=C(NC1CC1)c1cncc(-c2cn([C@@H]3CN[C@H](C(=O)Nc4ccc(Cl)c(C(F)(F)F)c4)C3)nn2)c1,31.55
CC(=O)Nc1nc2ccc(-c3cn([C@@H]4CN[C@H](C(=O)Nc5ccc(Cl)c(C(F)(F)F)c5)C4)nn3)nc2s1,59.62
CC(=O)Nc1nc2ccc(-c3cn([C@@H]4CN[C@H](C(=O)Nc5ccc(Br)cc5)C4)nn3)nc2s1,169.14
Nc1ncnc2c1c(-c1cccc(O)c1)cn2[C@H]1C[C@@H](CO)C1,43
Cc1ccc(C(=O)Nc2ccc(CN3CCN(C)CC3)c(C(F)(F)F)c2)cc1-n1cc(-c2cnc(NC3CCCCC3)nc2)nn1,12.8
Cc1ccc(C(=O)Nc2ccc(CN3CCC(N(C)C)CC3)c(C(F)(F)F)c2)cc1-n1cc(-c2cnc3[nH]ncc3c2)nn1,0.33
Cc1ccc(C(=O)Nc2ccc(CN3CCN(C)CC3)c(C(F)(F)F)c2)cc1-n1cc(-c2cnc3[nH]nc(C)c3c2)nn1,0.52
CN1CCN(Cc2ccc(NC(=O)c3ccc(C4CC4)c(-n4cc(-c5cnc6[nH]ncc6c5)nn4)c3)cc2C(F)(F)F)CC1,15
Cc1ccc(C(=O)Nc2ccc(CN3CCN(C)CC3)c(C(F)(F)F)c2)cc1-n1cc(-c2cnc3[nH]ccc3c2)nn1,0.69
CCc1ccc(C(=O)Nc2ccc(C)c(-n3cc(-c4cccnc4)cn3)c2)cc1,41.02
Cc1ccc(NC(=O)c2cccc(C(F)(F)F)c2)cc1-n1cc(-c2cccnc2)cn1,14.2
c1cc(CCN2CCOCC2)cc(Nc2nccc(-c3cccnc3)n2)c1,10000
COc1ccc(C(=O)Nc2cccc(Cl)c2)cc1Nc1nccc(-c2cccnc2)n1,34.77
COc1ccc(C(=O)Nc2cccc(F)c2)cc1Nc1nccc(-c2cccnc2)n1,3.21
COc1ccc(C(=O)Nc2ccc(OCCN(C)C)cc2)cc1Nc1nccc(-c2cccnc2)n1,2.34
CCn1nc(C#Cc2cc(C(=O)Nc3ccc(CN4CCN(C)CC4)c(C(F)(F)F)c3)ccc2C)c2c(N)ncnc21,1
Nc1n[nH]c2cccc(-c3ccc(C(=O)NCCNC(=O)c4cccc(C(F)(F)F)c4)cc3)c12,450
Nc1n[nH]c2cccc(-c3ccc(C(=O)NCCNC(=O)c4ccccc4Br)cc3)c12,31
Cc1ccnc(-c2ccc(C(=O)N3CCN(C(=O)c4cccc(C(F)(F)F)c4)CC3)cc2)c1,112
COc1ccccc1C(=O)N1CCN(C(=O)c2ccc(-c3cccc4[nH]nc(N)c34)cc2)CC1,22760
O=C(NC1CC1)c1cncc(-c2ccc(C(=O)N[C@H]3CN[C@@H](C(=O)Nc4ccc(Cl)c(C(F)(F)F)c4)C3)cc2)c1,39030
Cc1ccc(C(=O)NNC(=O)c2c(C)cccc2Cl)cc1C#Cc1cnc2ccccc2c1,0.9
Cc1ccc(NC(=O)c2ccc(CN3CCN(C)CC3)cc2)cc1Nc1nccc(-c2cccnc2)n1,473
Cc1ccc(NC(=O)c2ccc(CN3CCN(C)CC3)cc2)cc1Nc1nccc(-c2cccnc2)n1,116
CO[C@H](C(=O)N1Cc2[nH]nc(NC(=O)c3ccc(N4CCN(C)CC4)cc3)c2C1)c1ccccc1,25.12
CCN1CCN(Cc2ccc(NC(=O)Cc3ccc(Oc4ccnc(NC)c4)cc3)cc2C(F)(F)F)CC1,580
Cc1cn(-c2cc(NC(=O)c3ccc(C)c(C#Cc4cnc(NC5CC5)nc4)c3)cc(C(F)(F)F)c2)cn1,9
Cc1ccc(NC(=O)c2ccc(CN3CCN(C)CC3)cc2)cc1-n1cc(-c2cccnc2)cn1,50.6
CC(C)(C)C(=O)Nc1ccc(-c2ccc(C(=O)N[C@H]3CN[C@@H](C(=O)Nc4ccc(Cl)c(C(F)(F)F)c4)C3)cc2)cn1,2640
CS(=O)(=O)Nc1ccc(-c2cccc(C(=O)N[C@H]3CN[C@@H](C(=O)Nc4ccc(Cl)c(C(F)(F)F)c4)C3)c2)cn1,16160
CCN(CC)C(=O)c1cncc(-c2ccc(C(=O)N[C@@H](C)C(=O)Nc3ccc(Cl)c(C(F)(F)F)c3)cc2)c1,11
Nc1n[nH]c2cccc(C#Cc3cccc(NC(=O)c4ccc(N5CCOCC5)c(C(F)(F)F)c4)c3)c12,4.6
Nc1n[nH]c2cccc(C#Cc3cccc(C(=O)Nc4cc(CN5CCOCC5)cc(C(F)(F)F)c4)c3)c12,571
Nc1n[nH]c2cccc(C#Cc3cccc(NC(=O)c4cc(N5CCOCC5)cc(C(F)(F)F)c4)c3)c12,4840
Nc1n[nH]c2cccc(C#Cc3cccc(C(=O)Nc4ccc(CN5CCOCC5)c(C(F)(F)F)c4)c3)c12,1605
Nc1n[nH]c2cccc(-c3ccc(C(=O)N4CCN(C(=O)c5ccc(Cl)cc5)CC4)cc3)c12,65630
Cc1ccc2cc(-c3cccc(C(F)(F)F)c3)ncc2c1C#Cc1nn(C(C)C)c2ncnc(N)c12,435
Cc1ccc(NC(=O)c2ccc(CN3CCN(C)CC3)cc2)cc1Nc1nccc(-c2cccnc2)n1,716.3
Cc1ncc(NC(=O)c2ccc(CN3CCN(C)CC3)c(C(F)(F)F)c2)cc1Nc1nccc(-c2cccnc2)n1,113.1
CS(=O)(=O)Nc1ccc(-c2cccc(C(=O)N[C@H]3CN[C@@H](C(=O)Nc4ccc(Cl)c(C(F)(F)F)c4)C3)c2)cn1,6480
C[C@H](NC(=O)c1ccc(-c2ccc(N)nc2)cc1)C(=O)Nc1ccc(Cl)c(C(F)(F)F)c1,7510
Nc1n[nH]c2cccc(-c3ccc(C(=O)NCCNC(=O)c4ccc(F)c(F)c4)cc3)c12,14320
CC(=O)Nc1ccc(-c2cccc(C(=O)N[C@H]3CN[C@@H](C(=O)Nc4ccc(Cl)c(C(F)(F)F)c4)C3)c2)cn1,24590
Cc1ncc(NC(=O)c2ccc(CN3CCN(C)CC3)c(C(F)(F)F)c2)cc1Nc1nccc(-c2cccnc2)n1,318.4
Cc1ccc(S(=O)(=O)N2CCN(c3nc(N4CCOCC4)ncc3Br)CC2)cc1,1980
Cc1cn(-c2cc(NC(=O)c3ccc(C)c(Nc4nccc(-c5cccnc5)n4)c3)cc(C(F)(F)F)c2)cn1,37.1
Cc1ccccc1C(=O)NCCNC(=O)c1ccc(-c2cccc3[nH]nc(N)c23)cc1,28790
Cc1cn(-c2cc(NC(=O)c3ccc(C)c(Nc4nccc(-c5cccnc5)n4)c3)cc(C(F)(F)F)c2)cn1,110.7
Cc1ncc(NC(=O)c2ccc(CN3CCN(C)CC3)c(C(F)(F)F)c2)cc1Nc1nccc(-c2cccnc2)n1,13.6
Cc1cn(-c2cc(NC(=O)c3ccc(C)c(C#Cc4cnc(NC5CC5)nc4)c3)cc(C(F)(F)F)c2)cn1,5
Cc1ccc(NC(=O)c2ccccc2)cc1Nc1nccc(-c2cccnc2)n1,398.11
CN[C@@H]1C[C@H]2O[C@@](C)([C@@H]1OC)n1c3ccccc3c3c4c(c5c6ccccc6n2c5c31)C(=O)NC4,78.7
Cc1cn(-c2cc(NC(=O)c3ccc(C)c(Nc4nc(-c5cccnc5)cs4)c3)cc(C(C)(C)C)c2)cn1,20.1
Cc1cn(-c2cc(NC(=O)c3cccc(Nc4nc(-c5cccnc5)cs4)c3)cc(C(F)(F)F)c2)cn1,3780
CC(=O)Nc1ccc(-c2cccc(C(=O)N[C@@H](C)C(=O)Nc3ccc(Cl)c(C(F)(F)F)c3)c2)cn1,600
CCN(CC)C(=O)c1cncc(-c2cccc(C(=O)N[C@@H](C)C(=O)Nc3ccc(Cl)c(C(F)(F)F)c3)c2)c1,290
COc1ccc(C(=O)Nc2ccc(OCCCN3CCOCC3)cc2)cc1Nc1nccc(-c2cccnc2)n1,6.34
COC1=C2C[C@@H](C)C[C@H](OC)[C@H](O)[C@@H](C)/C=C(\C)[C@H](OC(N)=O)[C@@H](OC)/C=C\C=C(/C)C(=O)NC(=CC1=O)C2=O,5000
Cc1ccc(C(=O)Nc2ccc(CN3CCN(C)CC3)c(C(F)(F)F)c2)cc1-n1cc(-c2cnc3ncccn23)nn1,3.44
Cc1ccc(C(=O)Nc2ccc(CN3CCN(C)CC3)c(C(F)(F)F)c2)cc1-n1cc(-c2ccc3[nH]ncc3c2)nn1,17.8
Cc1ccc(NC(=O)c2ccc(CN3CC(N(C)C)C3)c(C(F)(F)F)c2)cc1Nc1nccc(-c2cncnc2)n1,16.98
Cc1ccc(NC(=O)c2ccc(CN3CCN(C)CC3)cc2)cc1Nc1nccc(-c2cccnc2)n1,100
CCc1ccc(C(=O)Nc2cccc(C(F)(F)F)c2)cc1-c1cc(F)cc(-c2cnc3cnccn23)c1,5345
Cc1ncc(NC(=O)c2ccc(CN3CCN(C)CC3)c(C(F)(F)F)c2)cc1Nc1nccc(-c2cccnc2)n1,6.2
CN1CCN(Cc2ccc(NC(=O)c3ccc(Br)c(-n4cc(-c5cnc6[nH]ncc6c5)nn4)c3)cc2C(F)(F)F)CC1,0.7
CN1CCN(Cc2ccc(NC(=O)c3ccc(F)c(-n4cc(-c5cnc6[nH]ncc6c5)nn4)c3)cc2C(F)(F)F)CC1,0.42
Cc1ccc(C(=O)Nc2ccc(CN3CCN(C)CC3)c(C(F)(F)F)c2)cc1-n1cc(-c2cnc(N3CCCCC3)nc2)nn1,1629
Cc1ccc(NC(=O)c2ccc(CN3CCN(C)CC3)cc2)cc1Nc1nccc(-c2cccnc2)n1,100
CCN1CCN(Cc2ccc(NC(=O)Nc3ccc(Oc4cc(NC)ncn4)cc3)cc2C(F)(F)F)CC1,580
O=C(Nc1nc2ccc(-c3cn([C@@H]4CN[C@H](C(=O)Nc5ccc(F)c(F)c5)C4)nn3)nc2s1)C1CC1,1342.81
C=CC(=O)Nc1ccc(-c2cn([C@@H]3CN[C@H](C(=O)Nc4ccc(Cl)c(C(F)(F)F)c4)C3)nn2)cn1,139.64
Nc1n[nH]c2cc(-c3cn([C@@H]4CN[C@H](C(=O)Nc5ccc(Cl)cc5Cl)C4)nn3)ccc12,3667.06
CC(C)(C)OC(=O)N1C[C@@H](n2cc(-c3ccc4nc(N)sc4n3)nn2)C[C@H]1C(=O)Nc1ccc(Cl)cc1Cl,410.26
CCc1ccc(C(=O)Nc2cc(CN3CCN(C)CC3)cc(C(F)(F)F)c2)cc1C#Cc1ccc2ccnn2c1,414
COC(=O)Nc1ccc(-c2c(OC3CCN(C)CC3)nc3c(-c4ccc(OC)c(OC)c4)cnn3c2N)cc1,5100
Cc1cn(-c2cc(NC(=O)c3ccc(C)c(C#Cc4cnc(NC(C)(C)C)nc4)c3)cc(C(F)(F)F)c2)cn1,28
Nc1nc2ccc(-c3cn([C@@H]4CN[C@H](C(=O)Nc5ccc(Br)cc5)C4)nn3)nc2s1,27.08
Cc1ccc(NC(=O)c2ccc(CN3CCN(C)CC3)c(I)c2)cc1Nc1nccc(-c2cccnc2)n1,10
c1cncc(-c2ccnc(Nc3cccc(-n4ccnc4)c3)n2)c1,3311.31
COc1ccccc1C(=O)Nc1ccc(C)c(Nc2nccc(-c3cccnc3)n2)c1,794.33
CC1CN(c2cncnc2)Cc2cc(C(=O)Nc3cc(CN4CCN(C)CC4)cc(-c4ccccc4)c3)ccc21,10000
CC(=O)Nc1nc2ccc(-c3cn([C@@H]4CN[C@H](C(=O)Nc5ccc(Cl)c(C(F)(F)F)c5)C4)nn3)nc2s1,23.45
CC(=O)Nc1nc2ccc(-c3cn([C@@H]4CN[C@H](C(=O)Nc5ccc(Br)cc5)C4)nn3)nc2s1,6.99
CC(C)(C)OC(=O)N1C[C@@H](n2cc(-c3ccc4nc(N)sc4n3)nn2)C[C@H]1C(=O)Nc1ccc(F)c(F)c1,17.45
CC(=O)Nc1ccc(-c2cn([C@@H]3CN[C@H](C(=O)Nc4ccc(Cl)c(C(F)(F)F)c4)C3)nn2)cn1,3.45
CC(C)(C)C(=O)Nc1ccc(-c2cn([C@@H]3CN[C@H](C(=O)Nc4ccc(Cl)c(C(F)(F)F)c4)C3)nn2)cn1,41.5
CC(=O)Nc1nc2ccc(-c3cn([C@@H]4CN[C@H](C(=O)Nc5ccc(Cl)cc5Cl)C4)nn3)nc2s1,4.8
O=C(Nc1ccc(-c2cn([C@@H]3CN[C@H](C(=O)Nc4ccc(Cl)c(C(F)(F)F)c4)C3)nn2)cn1)C1CC1,337.78
CC(C)(C)OC(=O)N1C[C@@H](n2cc(-c3ccc4nc(N)sc4n3)nn2)C[C@H]1C(=O)Nc1ccc(Cl)c(C(F)(F)F)c1,667.22
O=C(Nc1n[nH]c2cc(-c3cn([C@@H]4CN[C@H](C(=O)Nc5ccc(Br)cc5)C4)nn3)ccc12)C1CC1,143.87
O=C(c1ccc(-c2cc(Nc3cccc(F)c3)ncn2)cc1)N1CCN(C(=O)c2ccccc2F)CC1,17
C[C@H](NC(=O)c1cccc(-c2cncc(C(=O)NCCN(C)C)c2)c1)C(=O)Nc1ccc(Cl)c(C(F)(F)F)c1,640
Cc1ccc(C(=O)Nc2ccc(CN3CCOCC3)c(C(F)(F)F)c2)cc1-n1cc(-c2cnc3[nH]ncc3c2)nn1,1.42
Cc1ccc(C(=O)Nc2ccc(CN3CCCC3)c(C(F)(F)F)c2)cc1-n1cc(-c2cnc3[nH]ncc3c2)nn1,0.72
Cc1ccc(C(=O)Nc2ccc(CN3CCN(C)CC3)c(C(F)(F)F)c2)cc1-n1cc(-c2cnc3[nH]ncc3c2)nn1,0.6
Cc1ccc(C(=O)Nc2ccc(CN3CCN(C)CC3)c(C(F)(F)F)c2)cc1-n1cc(-c2cnc(NCc3ccccc3)nc2)nn1,19.1
CCNc1ncc(-c2cn(-c3cc(C(=O)Nc4ccc(CN5CCN(C)CC5)c(C(F)(F)F)c4)ccc3C)nn2)cn1,1.18
CSc1cccc(Nc2ncc3cc(-c4c(Cl)cccc4Cl)c(=O)n(C)c3n2)c1,2
O=C(O)c1ccc(C(=O)/C(=C\c2ccc(F)c([N+](=O)[O-])c2)SCc2ccccc2Cl)cc1,10000
CCc1ccc(C(=O)Nc2cc(CN3CCN(C)CC3)cc(C(F)(F)F)c2)cc1-c1cccc(-c2cnc3cnccn23)c1,437
O=C(c1cc(I)ccc1Cl)N1CCN(c2nc(Cl)ncc2Br)CC1,16200
O=C(c1ccc(C(F)(F)F)cc1)N1CCN(c2nc(Cl)ncc2Br)CC1,19
O=C(c1cc(Cl)ccc1Cl)N1CCN(c2nc(Cl)ncc2Br)CC1,2280
O=S(=O)(c1ccc(C(F)(F)F)cc1)N1CCN(c2nc(N3CCOCC3)ncc2Br)CC1,19
Cc1ccc(NC(=O)c2ccc(CN3CCN(C)CC3)cc2)cc1Nc1nccc(-c2cccnc2)n1,678
CS(=O)(=O)O.Cc1ncc(NC(=O)c2ccc(CN3CCN(C)CC3)c(Cl)c2)cc1Nc1nccc(-c2cccnc2)n1,80
Cc1ccc(NC(=O)c2ccc(CN3CCN(C)CC3)cc2)cc1Nc1nccc(-c2cccnc2)n1,14
O=C(O)c1ccc(C(=O)/C(=C\c2ccc(Br)c([N+](=O)[O-])c2)SCc2ccc(Br)cc2)cc1,10000
Cc1nc(Nc2ncc(C(=O)Nc3c(C)cccc3Cl)s2)cc(N2CCN(CCO)CC2)n1.O,17
C[C@H](NC(=O)c1cccc(-c2ccc(NS(C)(=O)=O)nc2)c1)C(=O)Nc1ccc(Cl)c(C(F)(F)F)c1,3340
CCN(CC)C(=O)c1cncc(-c2cccc(C(=O)N[C@H]3CN[C@@H](C(=O)Nc4ccc(Cl)c(C(F)(F)F)c4)C3)c2)c1,3750
Nc1ccc(-c2ccc(C(=O)N[C@H]3CN[C@@H](C(=O)Nc4ccc(Cl)c(C(F)(F)F)c4)C3)cc2)cn1,14100
CN[C@@H]1C[C@H]2O[C@@](C)([C@@H]1OC)n1c3ccccc3c3c4c(c5c6ccccc6n2c5c31)C(=O)NC4,55.7
O=C(Nc1nc2ccc(-c3cn([C@@H]4CN[C@H](C(=O)Nc5ccc(Cl)cc5Cl)C4)nn3)nc2s1)C1CC1,0.6
Nc1ccc(-c2cn([C@@H]3CN[C@H](C(=O)Nc4ccc(Cl)c(C(F)(F)F)c4)C3)nn2)cn1,302.82
Nc1n[nH]c2cc(-c3cn([C@@H]4CN[C@H](C(=O)Nc5ccc(Cl)c(C(F)(F)F)c5)C4)nn3)ccc12,137.08
COc1ccc(C(=O)Nc2nccs2)cc1Nc1nccc(-c2cccnc2)n1,294.34
CCN1CCN(c2cc(NC(=O)[C@@H]3C[C@H](n4cc(-c5ccc6c(N)n[nH]c6c5)nn4)CN3)ccc2Cl)CC1,84.82
Nc1nc2ccc(-c3cn([C@@H]4CN[C@H](C(=O)Nc5ccc(Cl)cc5Cl)C4)nn3)nc2s1,118.09
Nc1nc2ccc(-c3cn([C@@H]4CN[C@H](C(=O)Nc5ccc(Br)cc5)C4)nn3)nc2s1,178.39
CN(C)c1ccc(C(=O)NCCNC(=O)c2ccc(-c3cccc4[nH]nc(N)c34)cc2)cc1,5750
CN(C)c1ccc(C(=O)N2CCN(C(=O)c3ccc(-c4ccc5c(N)n[nH]c5c4)cc3)CC2)cc1,6230
Cc1cn(-c2cc(NC(=O)c3ccc(C)c(C#Cc4cnc(Nc5ccccc5)nc4)c3)cc(C(F)(F)F)c2)cn1,238
Cc1cn(-c2cc(NC(=O)c3ccc(C)c(C#Cc4cnc(N)nc4)c3)cc(C(F)(F)F)c2)cn1,7
Cc1cn(-c2cc(NC(=O)c3ccc(C)c(C#Cc4cnc(NC(C)C)nc4)c3)cc(C(F)(F)F)c2)cn1,187
Cc1ccc(NC(=O)c2ccc(C(F)(F)F)cc2)cc1-n1cc(-c2cccnc2)cn1,43.27
Cc1ccc(NC(=O)c2cccc(Cl)c2)cc1-n1cc(-c2cccnc2)cn1,15.9
Cc1ccc(NC(=O)c2ccc(CN3CC[C@H](N(C)C)C3)c(C(F)(F)F)c2)cc1Nc1nccc(-c2cncnc2)n1,5.8
CN1CCN(Cc2ccc(NC(=O)CNc3ccc(-c4ccc(NC(=O)C5CC5)nc4)cc3F)cc2C(F)(F)F)CC1,10
CC(C)n1nc(C#Cc2cccc(NC(=O)c3cccc(C(F)(F)F)c3)c2)c2c(N)ncnc21,7.5
CCn1nc(C#Cc2cccc3cc(-c4cccc(C(F)(F)F)c4)ncc23)c2c(N)ncnc21,1107
Nc1n[nH]c2cccc(-c3ccc(C(=O)N4CCN(C(=O)c5ccc(Cl)cc5)CC4)cc3)c12,1890
Nc1n[nH]c2cccc(-c3ccc(C(=O)N4CCN(C(=O)c5ccc(F)c(F)c5)CC4)cc3)c12,83520
Nc1n[nH]c2cccc(-c3ccc(C(=O)N4CCN(C(=O)c5ccccc5Br)CC4)cc3)c12,740
Nc1n[nH]c2cccc(-c3ccc(C(=O)N4CCN(C(=O)c5ccccc5Cl)CC4)cc3)c12,3410
Cc1ccc(C(=O)Nc2ccc(CN3CCN(C)CC3)c(C(F)(F)F)c2)cc1C#Cc1cnc2cccnn12,2
Cc1ccc(NC(=O)c2ccc(CN3CCN(C)CC3)cc2)cc1Nc1nccc(-c2cccnc2)n1,14
O=C(c1ccc(Br)cc1)N1CCN(C(=O)c2ccc(-c3cccs3)cc2)CC1,73
O=C(c1ccc(-c2cccs2)cc1)N1CCN(C(=O)c2cccc(F)c2)CC1,5050
COc1cccc(C(=O)N2CCN(C(=O)c3ccc(-c4ccc(C)nc4)cc3)CC2)c1,143
Cc1ccnc(-c2ccc(C(=O)N3CCN(C(=O)c4cccc(N(C)C)c4)CC3)cc2)c1,19070
COc1cccc(C(=O)N2CCN(C(=O)c3ccc(-c4cccnc4)cc3)CC2)c1,60670
COc1cccc(C(=O)N2CCN(C(=O)c3ccc(-c4ccccn4)cc3)CC2)c1,66
CC(C)(C)C(=O)Nc1ccc(-c2cccc(C(=O)N[C@H]3CN[C@@H](C(=O)Nc4ccc(Cl)c(C(F)(F)F)c4)C3)c2)cn1,4630
CCN1CCN(c2cc(Nc3ncc(C(=O)Nc4ccc(F)cc4N)s3)nc(C)n2)CC1,17800
Cc1cn(-c2cc(NC(=O)c3ccc(C)c(Nc4nccc(-c5cnccn5)n4)c3)cc(C(F)(F)F)c2)cn1,1.2
COC1=C2C[C@@H](C)C[C@H](OC)[C@H](O)[C@@H](C)/C=C(\C)[C@H](OC(N)=O)[C@@H](OC)/C=C\C=C(/C)C(=O)NC(=CC1=O)C2=O,1000
CN(C)c1ccc(C(=O)N2CCN(C(=O)c3ccc(-c4cccc5[nH]nc(N)c45)cc3)CC2)cc1,4280
Cc1ccc(C(=O)NCCNC(=O)c2ccc(-c3cccc4[nH]nc(N)c34)cc2)cc1,5170
Nc1n[nH]c2cc(-c3ccc(C(=O)N4CCN(C(=O)c5ccc(Br)cc5)CC4)cc3)ccc12,31900
Cc1cn(-c2cc(NC(=O)c3ccc(C)c(Nc4nccc(-c5cccnc5)n4)c3)cc(C(F)(F)F)c2)cn1,14
CCc1ccc(C(=O)Nc2cccc(C(F)(F)F)c2)cc1-c1cc(-c2cnc3cnccn23)ccc1C,1452
Cc1ccc(NC(=O)c2ccc(CN3CCN(C)CC3)cc2)cc1Nc1nccc(-c2cccnc2)n1,799.3
Cc1ccc(NC(=O)c2ccc(CN3CCN(C)CC3)cc2)cc1Nc1nccc(-c2cccnc2)n1,364
Cc1ccc(NC(=O)c2ccc(CN3CCN(C)CC3)cc2)cc1Nc1nccc(-c2cccnc2)n1,3257
CC(C)(C)C(=O)Nc1ccc(-c2ccc(C(=O)N[C@H]3CN[C@@H](C(=O)Nc4ccc(Cl)c(C(F)(F)F)c4)C3)cc2)cn1,50260
Cc1ccc(NC(=O)c2ccc(CN3CCN(C)CC3)cc2)cc1Nc1nccc(-c2cccnc2)n1,54
Cc1ccc(NC(=O)c2ccc(CN3CCN(C)CC3)cc2)cc1Nc1nccc(-c2cccnc2)n1,280
CN1CCN(c2ccc(Nc3nc(Nc4ccc(F)c(F)c4)c4ncn(CC5CC5)c4n3)cc2F)CC1,580
Cc1ccc(NC(=O)c2ccc(CN3CCN(Cc4ccc(I)cc4)CC3)cc2)cc1Nc1nccc(-c2cccnc2)n1,739.5
Cc1ccc(NC(=O)c2ccc(CN3CCN(C)CC3)cc2)cc1Nc1nccc(-c2cccnc2)n1,204
Cc1ccc(NC(=O)c2ccc(CN3CCN(C)CC3)cc2)cc1Nc1nccc(-c2cccnc2)n1,750
C[C@H](NC(=O)c1ccc(-c2cncc(C(=O)NC3CC3)c2)cc1)C(=O)Nc1ccc(Cl)c(C(F)(F)F)c1,9380
C[C@H](NC(=O)c1cccc(-c2cncc(C(=O)NC3CC3)c2)c1)C(=O)Nc1ccc(Cl)c(C(F)(F)F)c1,1460
O=C(NC1CC1)c1cncc(-c2ccc(C(=O)N[C@H]3CN[C@@H](C(=O)Nc4ccc(Cl)c(C(F)(F)F)c4)C3)cc2)c1,61210
CCN(CC)C(=O)c1cncc(-c2cccc(C(=O)N[C@@H](C)C(=O)Nc3ccc(Cl)c(C(F)(F)F)c3)c2)c1,86010
Cc1ccc(NC(=O)N2CCCCC2)cc1Nc1nccc(-c2cccnc2)n1,10000
Cc1ccc(NC(=O)Nc2ccc(N(C)C)cc2)cc1Nc1nccc(-c2cccnc2)n1,10000
Cc1ccc(NC(=O)c2ccc(CN3CCN(C)CC3)cc2)cc1Nc1nccc(-c2cccnc2)n1,38.02
C[C@H](NC(=O)c1ccc(-c2ccc(NS(C)(=O)=O)nc2)cc1)C(=O)Nc1ccc(Cl)c(C(F)(F)F)c1,3770
CS(=O)(=O)O.Cc1ccc(NC(=O)c2ccc(CN3CCNCC3)cc2)cc1Nc1nccc(-c2cccnc2)n1,512
CCN1CCN(Cc2ccc(NC(=O)COc3ccc(-c4ccc(NC(C)=O)nc4)cc3)cc2C(F)(F)F)CC1,390
Cc1ccc(Nc2ncc3c(n2)N(C)C(=O)N(c2cc(NC(=O)c4cccc(C(F)(F)F)c4)ccc2C)C3)cn1,1.25
Cc1ccc(NC(=O)c2ccc(CN3CCN(C)CC3)cc2)cc1Nc1nccc(-c2cccnc2)n1,38
C[C@H](NC(=O)c1cccc(-c2ccc(N)nc2)c1)C(=O)Nc1ccc(Cl)c(C(F)(F)F)c1,4400
C[C@H](NC(=O)c1ccc(-c2ccc(NC(=O)C(C)(C)C)nc2)cc1)C(=O)Nc1ccc(Cl)c(C(F)(F)F)c1,530
O=C(NC1CC1)c1cncc(-c2cn([C@@H]3CN[C@H](C(=O)Nc4ccc(Cl)c(C(F)(F)F)c4)C3)nn2)c1,1.94
CCN(CC)C(=O)c1cncc(-c2cn([C@@H]3CN[C@H](C(=O)Nc4ccc(Cl)c(C(F)(F)F)c4)C3)nn2)c1,14.47
Nc1n[nH]c2cc(-c3cn([C@@H]4CN[C@H](C(=O)Nc5ccc(Cl)c(C(F)(F)F)c5)C4)nn3)ccc12,15
CC(C)(C)OC(=O)N1C[C@@H](n2cc(-c3ccc4c(N)n[nH]c4c3)nn2)C[C@H]1C(=O)Nc1ccc(Cl)cc1Cl,60.64
CCN1CCN(c2cc(NC(=O)[C@@H]3C[C@H](n4cc(-c5ccc6c(N)n[nH]c6c5)nn4)CN3)ccc2Cl)CC1,8.71
CC(C)(C)OC(=O)N1C[C@@H](n2cc(-c3ccc4nc(N)sc4n3)nn2)C[C@H]1C(=O)Nc1ccc(Cl)c(C(F)(F)F)c1,10.57
CC(C)(C)OC(=O)N1C[C@@H](n2cc(-c3ccc4nc(N)sc4n3)nn2)C[C@H]1C(=O)Nc1ccc(Cl)cc1Cl,14.66
Nc1nc2ccc(-c3cn([C@@H]4CN[C@H](C(=O)Nc5ccc(F)c(F)c5)C4)nn3)nc2s1,128.5
CS(=O)(=O)Nc1ccc(-c2cn([C@@H]3CN[C@H](C(=O)Nc4ccc(Cl)c(C(F)(F)F)c4)C3)nn2)cn1,0.49
CC(C)(C)OC(=O)N1C[C@@H](n2cc(-c3ccc4c(N)n[nH]c4c3)nn2)C[C@H]1C(=O)Nc1ccc(Cl)cc1Cl,1878
O=C(Nc1n[nH]c2cc(-c3cn([C@@H]4CN[C@H](C(=O)Nc5ccc(Cl)cc5Cl)C4)nn3)ccc12)C1CC1,199.86
CC(=O)Nc1nc2ccc(-c3cn([C@@H]4CN[C@H](C(=O)Nc5ccc(Cl)cc5Cl)C4)nn3)nc2s1,388.49
Cc1cn(-c2cc(NC(=O)c3ccc(C)c(Nc4nccc(-c5cccnc5)n4)c3)cc(C(F)(F)F)c2)cn1,20
CN[C@@H]1C[C@H]2O[C@@](C)([C@@H]1OC)n1c3ccccc3c3c4c(c5c6ccccc6n2c5c31)C(=O)NC4,121.8
Cc1ccc(C(=O)Nc2ccc(C)c(Nc3nccc(-c4cccnc4)n3)c2)cc1,200
Cc1ccc(NC(=O)c2ccc(CN3CCN(C)CC3)c(Br)c2)cc1Nc1nccc(-c2cccnc2)n1,7.079
Cc1ccc(NC(=O)Nc2cccc(N(C)C)c2)cc1Nc1nccc(-c2cccnc2)n1,575.44
CCc1ccc(C(=O)Nc2ccccc2)cc1-c1cccc(-c2cnc3cnccn23)c1,5120
CCc1ccc(C(=O)Nc2cccc(C(F)(F)F)c2)cc1-c1cc(OC)cc(-c2cnc3cnccn23)c1,3696
C=CCNC1=C2C[C@@H](C)C[C@H](OC)[C@H](O)[C@@H](C)/C=C(\C)[C@H](OC(N)=O)[C@@H](OC)/C=C\C=C(/C)C(=O)NC(=CC1=O)C2=O,5000
Cc1ccc(C(=O)N2CCN(C(=O)c3ccc(-c4ccc5c(N)n[nH]c5c4)cc3)CC2)cc1,32250
Nc1n[nH]c2cc(-c3ccc(C(=O)N4CCN(C(=O)c5ccc(Cl)c(C(F)(F)F)c5)CC4)cc3)ccc12,1990
CN(C)c1ccc(C(=O)N2CCN(C(=O)c3ccc(-c4ccc5c(N)n[nH]c5c4)cc3)CC2)cc1,2540
CN(C)c1ccc(C(=O)NCCNC(=O)c2ccc(-c3cccc4[nH]nc(N)c34)cc2)cc1,76760
Nc1n[nH]c2cccc(-c3ccc(C(=O)N4CCN(C(=O)c5ccc(Cl)c(C(F)(F)F)c5)CC4)cc3)c12,2080
C=CC(=O)Nc1ccc(-c2cn([C@@H]3CN[C@H](C(=O)Nc4ccc(Cl)c(C(F)(F)F)c4)C3)nn2)cn1,9.26
O=C(Nc1ccc(Cl)c(C(F)(F)F)c1)[C@@H]1C[C@H](n2cc(-c3cncc(C(=O)N4CCOCC4)c3)nn2)CN1,60.06
Cc1nc(Nc2ncc(C(=O)Nc3c(C)cccc3Cl)s2)cc(N2CCN(CCO)CC2)n1.O,0.8
Cc1ccc(NC(=O)c2ccc(N)cc2)cc1Nc1nccc(-c2cccnc2)n1,67608.3
Cc1nc(Nc2ncc(C(=O)Nc3c(C)cccc3Cl)s2)cc(N2CCN(CCO)CC2)n1.O,7.6
Cc1ccc(NC(=O)c2ccc(CN3CCN(C)CC3)cc2)cc1Nc1nccc(-c2cccnc2)n1,13
Cc1ccc(Nc2ncc3c(n2)N(C)C(=O)N(c2cc(NC(=O)c4cccc(C(F)(F)F)c4)ccc2C)C3)cn1,1.25
Cc1nc(Nc2ncc(C(=O)Nc3c(C)cccc3Cl)s2)cc(N2CCN(CCO)CC2)n1.O,3
Cc1ccc(NC(=O)c2ccc(CN3CCN(C)CC3)cc2)cc1Nc1nccc(-c2cccnc2)n1,221
COc1cc(Nc2c(C#N)cnc3cc(OCCON4CCN(C)CC4)c(OC)cc23)c(Cl)cc1Cl,47
Cc1ccc(NC(=O)c2ccc(CN3CCN(C)CC3)cc2)cc1Nc1nccc(-c2cccnc2)n1,74
Cc1cn(-c2cc(NC(=O)c3ccc(C)c(Nc4nccc(-c5cccnc5)n4)c3)cc(C(F)(F)F)c2)cn1,39.9
CCN1CCN(Cc2ccc(NC(=O)CNc3ccc(-c4ccc(NC(=O)C5CC5)nc4)cc3)cc2C(F)(F)F)CC1,89
CC(=O)Nc1ccc(-c2cccc(C(=O)N[C@@H](C)C(=O)Nc3ccc(Cl)c(C(F)(F)F)c3)c2)cn1,38640
Clc1cccc(Nc2nccc(-c3cccnc3)n2)c1,1513.56
Nc1cccc(Nc2nccc(-c3ccncc3)n2)c1,602.56
C=CCNC1=C2C[C@@H](C)C[C@H](OC)[C@H](O)[C@@H](C)/C=C(\C)[C@H](OC(N)=O)[C@@H](OC)/C=C\C=C(/C)C(=O)NC(=CC1=O)C2=O,1000
NC(=O)c1cccc(-c2cc(Nc3ccc(OC(F)(F)F)cc3)ncn2)c1,267
Cc1ccc(NC(=O)c2ccc(CN3CCN(C)CC3)cc2)cc1Nc1nccc(-c2cccnc2)n1,194
O=C(c1ccc(-c2cc(Nc3cccc(F)c3)ncn2)cc1)N1CCN(C(=O)c2ccccc2F)CC1,17
CC(C)(C)OC(=O)N1C[C@@H](n2cc(-c3ccc4c(N)n[nH]c4c3)nn2)C[C@H]1C(=O)Nc1ccc(Cl)c(C(F)(F)F)c1,21.86
CC(=O)Nc1n[nH]c2cc(-c3cn([C@@H]4CN[C@H](C(=O)Nc5ccc(Br)cc5)C4)nn3)ccc12,5.85
CN(C)CCNC(=O)c1cncc(-c2cn([C@@H]3CN[C@H](C(=O)Nc4ccc(Cl)c(C(F)(F)F)c4)C3)nn2)c1,348.79
Cc1ccc(NC(=O)c2ccc(CN3CCN(C)CC3)cc2)cc1Nc1nccc(-c2cccnc2)n1,115.64
CC(=O)Nc1n[nH]c2cc(-c3cn([C@@H]4CN[C@H](C(=O)Nc5ccc(Cl)c(C(F)(F)F)c5)C4)nn3)ccc12,121.01
O=C(Nc1nc2ccc(-c3cn([C@@H]4CN[C@H](C(=O)Nc5ccc(Cl)cc5Cl)C4)nn3)nc2s1)C1CC1,189.79
Cc1cn(-c2cc(NC(=O)c3ccc(C)c(Nc4nccc(-c5cccnc5)n4)c3)cc(C(F)(F)F)c2)cn1,42
Cc1ccc(NC(=O)c2ccc(CN3CCN(C)CC3)cc2)cc1Nc1nccc(-c2cccnc2)n1,221
CCc1ccc(C(=O)Nc2cccc(C(F)(F)F)c2)cc1-c1cccc(-c2cnc3cnccn23)c1C,1813
Cc1ccc(C(=O)Nc2ccc(CN3CCN(C)CC3)c(C(F)(F)F)c2)cc1C#Cc1cnc2cccnn12,0.9
Cc1ncc(NC(=O)c2ccc(CN3CCN(C)CC3)c(C(F)(F)F)c2)cc1Nc1nccc(-c2cccnc2)n1,10.4
Cc1ccc(NC(=O)c2ccc(CN3CCN(C)CC3)cc2)cc1Nc1nccc(-c2cccnc2)n1,405.3
CN[C@@H]1C[C@H]2O[C@@](C)([C@@H]1OC)n1c3ccccc3c3c4c(c5c6ccccc6n2c5c31)C(=O)NC4,121.8
O=C(Cc1ccc(-c2ccc(OCCN3CCOCC3)cc2)cn1)NCc1ccccc1,100
Nc1cccc(Nc2nccc(-c3cccnc3)n2)c1,707.95
Cc1ccc(NC(=O)c2ccc(CN3CCN(C)CC3)cc2)cc1Nc1nccc(-c2cccnc2)n1,100
CC(C)(C)OC(=O)N1C[C@@H](n2cc(-c3ccc(N)nc3)nn2)C[C@H]1C(=O)Nc1ccc(Cl)c(C(F)(F)F)c1,0.94
O=C(Nc1ccc(Cl)c(C(F)(F)F)c1)[C@@H]1C[C@H](n2cc(-c3cncc(C(=O)N4CCOCC4)c3)nn2)CN1,800.95
Cc1nc(Nc2ncc(C(=O)Nc3c(C)cccc3Cl)s2)cc(N2CCN(CCO)CC2)n1.O,220
Cc1nc(Nc2ncc(C(=O)Nc3c(C)cccc3Cl)s2)cc(N2CCN(CCO)CC2)n1.O,4200
COC1=C2C[C@@H](C)C[C@H](OC)[C@H](O)[C@@H](C)/C=C(\C)[C@H](OC(N)=O)[C@@H](OC)/C=C\C=C(/C)C(=O)NC(=CC1=O)C2=O,1000
Cc1ccc(NC(=O)c2ccc(CN3CCN(C)CC3)cc2)cc1Nc1nccc(-c2cccnc2)n1,2.79
CC(C)(C)OC(=O)N1C[C@@H](n2cc(-c3ccc4c(N)n[nH]c4c3)nn2)C[C@H]1C(=O)Nc1ccc(Br)cc1,49.99
CC(=O)Nc1ccc(-c2cn([C@@H]3CN[C@H](C(=O)Nc4ccc(Cl)c(C(F)(F)F)c4)C3)nn2)cn1,127.31
CCN(CC)C(=O)c1cncc(-c2cn([C@@H]3CN[C@H](C(=O)Nc4ccc(Cl)c(C(F)(F)F)c4)C3)nn2)c1,261.14
Nc1nc2ccc(-c3cn([C@@H]4CN[C@H](C(=O)Nc5ccc(F)c(F)c5)C4)nn3)nc2s1,1589.62
Cc1ccc(NC(=O)c2ccc(CN3CCN(C)CC3)cc2)cc1Nc1nccc(-c2cccnc2)n1,280
CS(=O)(=O)O.Cc1ccc(NC(=O)c2ccc(CN3CCNCC3)cc2)cc1Nc1nccc(-c2cccnc2)n1,1558
Cc1ccc(NC(=O)c2ccc(CN3CCN(C)CC3)cc2)cc1Nc1nccc(-c2cccnc2)n1,260
Cc1ccc(NC(=O)c2ccc(CN3CCN(C)CC3)cc2)cc1Nc1nccc(-c2cccnc2)n1,143.8
CS(=O)(=O)O.Cc1ncc(NC(=O)c2ccc(CN3CCN(C)CC3)c(C(F)(F)F)c2)cc1Nc1nccc(-c2cccnc2)n1,8
CN1CCN(c2ccc(Nc3nc(Nc4ccc(F)c(F)c4)c4ncn(CC5CC5)c4n3)cc2)CC1,40
O=C(O)c1ccccc1C(=O)Nc1cccc(Nc2nccc(-c3cccnc3)n2)c1,1995.26
NC(=O)c1cccc(-c2cc(Nc3ccc(OC(F)(F)F)cc3)ncn2)c1,267
Cc1ncc(NC(=O)c2ccc(CN3CCN(C)CC3)c(C(F)(F)F)c2)cc1Nc1nccc(-c2cccnc2)n1,1.2
Cc1ccc(NC(=O)c2ccc(CN3CCN(C)CC3)cc2)cc1Nc1nccc(-c2cccnc2)n1,2706
Cc1cn(-c2cc(NC(=O)c3ccc(C)c(Nc4nccc(-c5cccnc5)n4)c3)cc(C(F)(F)F)c2)cn1,347
Cc1cc(Nc2cc(N3CCN(C)CC3)nc(Sc3ccc(NC(=O)C4CC4)cc3)n2)n[nH]1,50.12
C=CCNC1=C2C[C@@H](C)C[C@H](OC)[C@H](O)[C@@H](C)/C=C(\C)[C@H](OC(N)=O)[C@@H](OC)/C=C\C=C(/C)C(=O)NC(=CC1=O)C2=O,1000
Cc1ccc(NC(=O)c2ccc(CN3CCN(C)CC3)cc2)cc1Nc1nccc(-c2cccnc2)n1,54
Cc1cn(-c2cc(NC(=O)c3ccc(C)c(Nc4nccc(-c5cccnc5)n4)c3)cc(C(F)(F)F)c2)cn1,1
Cc1ccc(C(=O)Nc2ccc(CN3CCN(C)CC3)c(C(F)(F)F)c2)cc1C#Cc1cnc2cccnn12,0.5
Cc1cn(-c2cc(NC(=O)c3ccc(C)c(Nc4nccc(-c5cccnc5)n4)c3)cc(C(F)(F)F)c2)cn1,39.3
Cc1cn(-c2cc(NC(=O)c3ccc(C)c(Nc4nccc(-c5cccnc5)n4)c3)cc(C(F)(F)F)c2)cn1,30.5
Cc1cn(-c2cc(NC(=O)c3ccc(C)c(Nc4nccc(-c5cccnc5)n4)c3)cc(C(F)(F)F)c2)cn1,12.7
Cc1nc(Nc2ncc(C(=O)Nc3c(C)cccc3Cl)s2)cc(N2CCN(CCO)CC2)n1.O,0.016
Cc1ncc(NC(=O)c2ccc(CN3CCN(C)CC3)c(C(F)(F)F)c2)cc1Nc1nccc(-c2cccnc2)n1,21.7
Cc1ncc(NC(=O)c2ccc(CN3CCN(C)CC3)c(C(F)(F)F)c2)cc1Nc1nccc(-c2cccnc2)n1,17.4
Cc1ccc(NC(=O)c2ccc(CN3CCN(C)CC3)cc2)cc1Nc1nccc(-c2cccnc2)n1,486.5
CCN1CCN(c2ccc(Nc3cc(N(C)C(=O)Nc4c(Cl)c(OC)cc(OC)c4Cl)ncn3)cc2)CC1,2192
