standard_smiles,pCHEMBL
C=CC(=O)Nc1ccc(-c2cn([C@@H]3CN[C@H](C(=O)Nc4ccc(Cl)c(C(F)(F)F)c4)C3)nn2)cn1,7.444189586587962
C=CCNC1=C2C[C@@H](C)C[C@H](OC)[C@H](O)[C@@H](C)/C=C(\C)[C@H](OC(N)=O)[C@@H](OC)/C=C\C=C(/C)C(=O)NC(=CC1=O)C2=O,6.0
CC(=O)N1CCN([C@H]2C[C@@H](n3cc(-c4cc(O)ccc4F)c4c(N)ncnc43)C2)CC1,5.376750709602099
CC(=O)Nc1ccc(-c2ccc(C(=O)N[C@@H](C)C(=O)Nc3ccc(Cl)c(C(F)(F)F)c3)cc2)cn1,5.673876829498338
CC(=O)Nc1ccc(-c2ccc(C(=O)N[C@H]3CN[C@@H](C(=O)Nc4ccc(Cl)c(C(F)(F)F)c4)C3)cc2)cn1,4.674474782759512
CC(=O)Nc1ccc(-c2ccc(NCC(=O)Nc3ccc(CN4CCNCC4)c(C(F)(F)F)c3)cc2)cn1,6.055517327849832
CC(=O)Nc1ccc(-c2cccc(C(=O)N[C@@H](C)C(=O)Nc3ccc(Cl)c(C(F)(F)F)c3)c2)cn1,5.31740581593645
CC(=O)Nc1ccc(-c2cccc(C(=O)N[C@H]3CN[C@@H](C(=O)Nc4ccc(Cl)c(C(F)(F)F)c4)C3)c2)cn1,5.459522695616385
CC(=O)Nc1ccc(-c2cn([C@@H]3CN[C@H](C(=O)Nc4ccc(Cl)c(C(F)(F)F)c4)C3)nn2)cn1,7.678659193392824
CC(=O)Nc1ccc(C)c(Nc2nccc(-c3cccnc3)n2)c1,5.2399999527072705
CC(=O)Nc1n[nH]c2cc(-c3cn([C@@H]4CN[C@H](C(=O)Nc5ccc(Br)cc5)C4)nn3)ccc12,7.348654754596817
CC(=O)Nc1n[nH]c2cc(-c3cn([C@@H]4CN[C@H](C(=O)Nc5ccc(Cl)c(C(F)(F)F)c5)C4)nn3)ccc12,7.2333878264526525
CC(=O)Nc1n[nH]c2cc(-c3cn([C@@H]4CN[C@H](C(=O)Nc5ccc(Cl)cc5Cl)C4)nn3)ccc12,7.68497125055476
CC(=O)Nc1nc2ccc(-c3cn([C@@H]4CN[C@H](C(=O)Nc5ccc(Br)cc5)C4)nn3)nc2s1,7.463638248999537
CC(=O)Nc1nc2ccc(-c3cn([C@@H]4CN[C@H](C(=O)Nc5ccc(Cl)c(C(F)(F)F)c5)C4)nn3)nc2s1,7.427232590626144
CC(=O)Nc1nc2ccc(-c3cn([C@@H]4CN[C@H](C(=O)Nc5ccc(Cl)cc5Cl)C4)nn3)nc2s1,7.364689459191247
CC(=O)Nc1nc2ccc(-c3cn([C@@H]4CN[C@H](C(=O)Nc5ccc(F)c(F)c5)C4)nn3)nc2s1,6.209391132457935
CC(=O)c1cccc(Nc2cc(-c3ccc(C(=O)N4CCN(C(=O)c5ccccc5F)CC4)cc3)ncn2)c1,6.414539270491499
CC(C)(C)C(=O)Nc1ccc(-c2ccc(C(=O)N[C@H]3CN[C@@H](C(=O)Nc4ccc(Cl)c(C(F)(F)F)c4)C3)cc2)cn1,4.938586794436806
CC(C)(C)C(=O)Nc1ccc(-c2cccc(C(=O)N[C@H]3CN[C@@H](C(=O)Nc4ccc(Cl)c(C(F)(F)F)c4)C3)c2)cn1,5.334419008982047
CC(C)(C)C(=O)Nc1ccc(-c2cn([C@@H]3CN[C@H](C(=O)Nc4ccc(Cl)c(C(F)(F)F)c4)C3)nn2)cn1,6.42248852035716
CC(C)(C)OC(=O)N1C[C@@H](n2cc(-c3ccc(N)nc3)nn2)C[C@H]1C(=O)Nc1ccc(Cl)c(C(F)(F)F)c1,7.964842136914703
CC(C)(C)OC(=O)N1C[C@@H](n2cc(-c3ccc4c(N)n[nH]c4c3)nn2)C[C@H]1C(=O)Nc1ccc(Br)cc1,6.963211747351009
CC(C)(C)OC(=O)N1C[C@@H](n2cc(-c3ccc4c(N)n[nH]c4c3)nn2)C[C@H]1C(=O)Nc1ccc(Cl)c(C(F)(F)F)c1,7.242129291665318
CC(C)(C)OC(=O)N1C[C@@H](n2cc(-c3ccc4c(N)n[nH]c4c3)nn2)C[C@H]1C(=O)Nc1ccc(Cl)cc1Cl,6.471772609722955
CC(C)(C)OC(=O)N1C[C@@H](n2cc(-c3ccc4nc(N)sc4n3)nn2)C[C@H]1C(=O)Nc1ccc(Br)cc1,7.880419358044021
CC(C)(C)OC(=O)N1C[C@@H](n2cc(-c3ccc4nc(N)sc4n3)nn2)C[C@H]1C(=O)Nc1ccc(Cl)c(C(F)(F)F)c1,7.075827978419143
CC(C)(C)OC(=O)N1C[C@@H](n2cc(-c3ccc4nc(N)sc4n3)nn2)C[C@H]1C(=O)Nc1ccc(Cl)cc1Cl,7.110403427002687
CC(C)(C)OC(=O)N1C[C@@H](n2cc(-c3ccc4nc(N)sc4n3)nn2)C[C@H]1C(=O)Nc1ccc(F)c(F)c1,7.035328886177027
CC(C)(C)c1ccc(C(=O)N2CCN(C(=O)c3ccc(-c4ccccn4)cc3)CC2)cc1,5.93704216591549
CC(C)(C)c1ccc(S(=O)(=O)N2CCN(c3nc(N4CCOCC4)ncc3Br)CC2)cc1,5.939302159646388
CC(C)(NC(=O)c1cc2c(NC(=O)c3ccc(CN4CCCCC4)cc3)n[nH]c2s1)c1ccccc1,7.680061560019691
CC(C)c1cc(CN2CCN(C)CC2)cc(NC(=O)c2ccc3c(c2)CN(c2cncnc2)CC3C)c1,5.060480747381382
CC(C)c1ccc(C(=O)Nc2ccc(CN3CCN(C)CC3)c(C(F)(F)F)c2)cc1-n1cc(-c2cnc3[nH]ncc3c2)nn1,7.180456064458132
CC(C)n1nc(C#Cc2cccc(NC(=O)c3cccc(C(F)(F)F)c3)c2)c2c(N)ncnc21,8.1249387366083
CC(C)n1nc(C#Cc2cccc3cc(-c4ccc(CN5CCN(C)CC5)cc4)ncc23)c2c(N)ncnc21,6.56335714133826
CC(C)n1nc(C#Cc2cccc3cc(-c4cccc(C(F)(F)F)c4)ncc23)c2c(N)ncnc21,6.025949097207123
CC1CN(c2cncnc2)Cc2cc(C(=O)Nc3cc(CN4CCN(C)CC4)cc(-c4ccccc4)c3)ccc21,5.0
CC1CN(c2cncnc2)Cc2cc(C(=O)Nc3cc(CN4CCN(C)CC4)cc(C(C)(C)C)c3)ccc21,5.366531544420414
CC1CN(c2cncnc2)Cc2cc(C(=O)Nc3cc(CN4CCN(C)CC4)cc(C(F)(F)F)c3)ccc21,5.6777807052660805
CC1CN(c2cncnc2)Cc2cc(C(=O)Nc3cc(CN4CCN(C)CC4)cc(C4CC4)c3)ccc21,5.00436480540245
CC1CN(c2cncnc2)Cc2cc(C(=O)Nc3ccc(CN4CCN(C)CC4)c(C(F)(F)F)c3)ccc21,6.262012673666569
CCC(=O)Nc1ccc(Sc2nc(Nc3cc(C)[nH]n3)cc(N3CCN(C)CC3)n2)cc1,6.219999701663429
CCCCCCC(=O)Nc1cccc(Nc2nccc(-c3cccnc3)n2)c1,6.699991797446187
CCN(CC)C(=O)c1cncc(-c2ccc(C(=O)N[C@@H](C)C(=O)Nc3ccc(Cl)c(C(F)(F)F)c3)cc2)c1,6.090699028348045
CCN(CC)C(=O)c1cncc(-c2ccc(C(=O)N[C@H]3CN[C@@H](C(=O)Nc4ccc(Cl)c(C(F)(F)F)c4)C3)cc2)c1,4.823447913023175
CCN(CC)C(=O)c1cncc(-c2cccc(C(=O)N[C@@H](C)C(=O)Nc3ccc(Cl)c(C(F)(F)F)c3)c2)c1,5.301526527217448
CCN(CC)C(=O)c1cncc(-c2cccc(C(=O)N[C@H]3CN[C@@H](C(=O)Nc4ccc(Cl)c(C(F)(F)F)c4)C3)c2)c1,4.897923044706484
CCN(CC)C(=O)c1cncc(-c2cn([C@@H]3CN[C@H](C(=O)Nc4ccc(Cl)c(C(F)(F)F)c4)C3)nn2)c1,7.211329034552083
CCN(CC)CCNC(=O)c1ccc(C(=O)/C(=C\c2ccc(F)c([N+](=O)[O-])c2)SCc2ccc(Br)cc2)cc1,6.301029995663981
CCN(CC)CCOc1ccc(NC(=O)c2ccc(OC)c(Nc3nccc(-c4cccnc4)n3)c2)cc1,8.829738284605043
CCN(CC)Cc1ccc(C(=O)Nc2ccc(C)c(-n3cc(-c4cccnc4)cn3)c2)cc1,6.88907375773358
CCN(CC)c1ccc(NC(=O)Nc2ccc(C)c(Nc3nccc(-c4cccnc4)n3)c2)cc1,5.0
CCN(CC)c1cccc(NC(=O)Nc2ccc(C)c(Nc3nccc(-c4cccnc4)n3)c2)c1,6.0
CCN1CCN(Cc2cc(Nc3ncc(C(=O)Nc4ccccc4N)s3)nc(C)n2)CC1,7.673664139071248
CCN1CCN(Cc2ccc(C(=O)Nc3ccc(C)c(-n4cc(-c5cccnc5)cn4)c3)cc2)CC1,7.772884917410875
CCN1CCN(Cc2ccc(NC(=O)CNc3ccc(-c4ccc(NC(=O)C5CC5)nc4)cc3)cc2C(F)(F)F)CC1,7.050609993355087
CCN1CCN(Cc2ccc(NC(=O)CNc3ccc(-c4ccc(NC(C)=O)nc4)cc3)cc2C(F)(F)F)CC1,6.42021640338319
CCN1CCN(Cc2ccc(NC(=O)COc3ccc(-c4ccc(NC(C)=O)nc4)cc3)cc2C(F)(F)F)CC1,6.4089353929735005
CCN1CCN(Cc2ccc(NC(=O)Cc3ccc(Oc4ccnc(NC)c4)cc3)cc2C(F)(F)F)CC1,6.236572006437063
CCN1CCN(Cc2ccc(NC(=O)Cc3ccc(Oc4ccncc4)cc3)cc2C(F)(F)F)CC1,5.411168274405793
CCN1CCN(Cc2ccc(NC(=O)Nc3ccc(Oc4cc(NC)ncn4)cc3)cc2C(F)(F)F)CC1,6.236572006437063
CCN1CCN(c2cc(NC(=O)[C@@H]3C[C@H](n4cc(-c5ccc6c(N)n[nH]c6c5)nn4)CN3)ccc2Cl)CC1,7.565741788434323
CCN1CCN(c2cc(Nc3ncc(C(=O)Nc4ccc(F)cc4N)s3)nc(C)n2)CC1,4.749579997691106
CCN1CCN(c2cc(Nc3ncc(C(=O)Nc4ccc(F)cc4N)s3)ncn2)CC1,4.749579997691106
CCN1CCN(c2cc(Nc3ncc(C(=O)Nc4ccccc4N)s3)nc(C)n2)CC1,4.673664139071248
CCN1CCN(c2cc(Nc3ncc(C(=O)Nc4ccccc4N)s3)ncn2)CC1,4.673664139071248
CCN1CCN(c2ccc(Nc3cc(N(C)C(=O)Nc4c(Cl)c(OC)cc(OC)c4Cl)ncn3)cc2)CC1,5.659159450187668
CCNc1ncc(-c2cn(-c3cc(C(=O)Nc4ccc(CN5CCN(C)CC5)c(C(F)(F)F)c4)ccc3C)nn2)cn1,8.928117992693874
CCNc1ncc(C#Cc2cc(C(=O)Nc3cc(-n4cnc(C)c4)cc(C(F)(F)F)c3)ccc2C)cn1,7.622062572163754
CCc1ccc(C(=O)Nc2cc(-n3cnc(C)c3)cc(C(F)(F)F)c2)cc1Nc1nc(-c2cccnc2)cs1,5.258848401148215
CCc1ccc(C(=O)Nc2cc(CN3CCN(C)CC3)cc(C(F)(F)F)c2)cc1-c1cccc(-c2cnc3cnccn23)c1,6.359518563029578
CCc1ccc(C(=O)Nc2cc(CN3CCN(C)CC3)cc(C(F)(F)F)c2)cc1C#Cc1ccc2ccnn2c1,6.382999658879101
CCc1ccc(C(=O)Nc2cc(CN3CCN(C)CC3)cc(C(F)(F)F)c2)cc1C#Cc1cnc2ccnn2c1,6.449771646944906
CCc1ccc(C(=O)Nc2ccc(C(F)(F)F)cc2)cc1-c1cccc(-c2cnc3cnccn23)c1,5.301725423325633
CCc1ccc(C(=O)Nc2ccc(C)c(-n3cc(-c4cccnc4)cn3)c2)cc1,7.387004343967653
CCc1ccc(C(=O)Nc2ccc(C)c(-n3cc(-c4cnc5cccnn45)cn3)c2)cc1,7.712198270069774
CCc1ccc(C(=O)Nc2ccc(CN3CCN(C)CC3)c(C(F)(F)F)c2)cc1-n1cc(-c2cnc3[nH]ncc3c2)nn1,9.008773924307505
CCc1ccc(C(=O)Nc2cccc(C(F)(F)F)c2)cc1-c1cc(-c2cnc3cnccn23)ccc1C,5.838033383635925
CCc1ccc(C(=O)Nc2cccc(C(F)(F)F)c2)cc1-c1cc(C#N)cc(-c2cnc3cnccn23)c1,5.2489519651798116
CCc1ccc(C(=O)Nc2cccc(C(F)(F)F)c2)cc1-c1cc(F)cc(-c2cnc3cnccn23)c1,5.272052290455203
CCc1ccc(C(=O)Nc2cccc(C(F)(F)F)c2)cc1-c1cc(OC)cc(-c2cnc3cnccn23)c1,5.432268037451931
CCc1ccc(C(=O)Nc2cccc(C(F)(F)F)c2)cc1-c1cccc(-c2cnc3cnccn23)c1,5.653647025549361
CCc1ccc(C(=O)Nc2cccc(C(F)(F)F)c2)cc1-c1cccc(-c2cnc3cnccn23)c1C,5.741602195904491
CCc1ccc(C(=O)Nc2cccc(CN3CCN(C)CC3)c2)cc1-c1cccc(-c2cnc3cnccn23)c1,6.00467199092259
CCc1ccc(C(=O)Nc2ccccc2)cc1-c1cccc(-c2cnc3cnccn23)c1,5.29073003902417
CCn1nc(C#Cc2cc(C(=O)Nc3ccc(CN4CCN(C)CC4)c(C(F)(F)F)c3)ccc2C)c2c(N)ncnc21,9.0
CCn1nc(C#Cc2cccc3cc(-c4cccc(C(F)(F)F)c4)ncc23)c2c(N)ncnc21,5.955852379121277
CN(C)CCNC(=O)c1cncc(-c2ccc(C(=O)N[C@H]3CN[C@@H](C(=O)Nc4ccc(Cl)c(C(F)(F)F)c4)C3)cc2)c1,5.014633679469924
CN(C)CCNC(=O)c1cncc(-c2cccc(C(=O)N[C@H]3CN[C@@H](C(=O)Nc4ccc(Cl)c(C(F)(F)F)c4)C3)c2)c1,5.140261848067238
CN(C)CCNC(=O)c1cncc(-c2cn([C@@H]3CN[C@H](C(=O)Nc4ccc(Cl)c(C(F)(F)F)c4)C3)nn2)c1,6.996026561786403
CN(C)c1ccc(C(=O)N2CCN(C(=O)c3ccc(-c4ccc5c(N)n[nH]c5c4)cc3)CC2)cc1,5.400339118360446
CN(C)c1ccc(C(=O)N2CCN(C(=O)c3ccc(-c4cccc5[nH]nc(N)c45)cc3)CC2)cc1,4.716877444620145
CN(C)c1ccc(C(=O)NCCNC(=O)c2ccc(-c3ccc4c(N)n[nH]c4c3)cc2)cc1,5.999891453513884
CN(C)c1ccc(C(=O)NCCNC(=O)c2ccc(-c3cccc4[nH]nc(N)c34)cc2)cc1,4.677598594623468
CN(C)c1cccc(C(=O)N2CCN(C(=O)c3ccc(-c4ccccn4)cc3)CC2)c1,4.341035157335565
CN(C)c1cccc(C(=O)N2CCN(C(=O)c3ccc(-c4cccnc4)cc3)CC2)c1,4.990549104201306
CN(C)c1cccc(C(=O)N2CCN(C(=O)c3ccc(-c4cccs4)cc3)CC2)c1,6.493494967595128
CN(C)c1cccc(C(=O)N2CCN(C(=O)c3ccc(-c4nccs4)cc3)CC2)c1,5.735890843694191
CN1CCN(CCNC(=O)c2ccc(C(=O)/C(=C\c3ccc(F)c([N+](=O)[O-])c3)SCc3ccc(Br)cc3)cc2)CC1,5.6020599913279625
CN1CCN(Cc2cc(NC(=O)c3cccc(C#Cc4cccc5[nH]nc(N)c45)c3)cc(C(F)(F)F)c2)CC1,6.516449592055395
CN1CCN(Cc2ccc(C(=O)Nc3cccc(Nc4nccc(-c5cccnc5)n4)c3)cc2)CC1,7.0
CN1CCN(Cc2ccc(NC(=O)CNc3ccc(-c4ccc(NC(=O)C5CC5)nc4)cc3F)cc2C(F)(F)F)CC1,8.0
CN1CCN(Cc2ccc(NC(=O)c3ccc(Br)c(-n4cc(-c5cnc6[nH]ncc6c5)nn4)c3)cc2C(F)(F)F)CC1,9.154901959985743
CN1CCN(Cc2ccc(NC(=O)c3ccc(C4CC4)c(-n4cc(-c5cnc6[nH]ncc6c5)nn4)c3)cc2C(F)(F)F)CC1,7.823908740944319
CN1CCN(Cc2ccc(NC(=O)c3ccc(Cl)c(-n4cc(-c5cnc6[nH]ncc6c5)nn4)c3)cc2C(F)(F)F)CC1,9.443697499232712
CN1CCN(Cc2ccc(NC(=O)c3ccc(F)c(-n4cc(-c5cnc6[nH]ncc6c5)nn4)c3)cc2C(F)(F)F)CC1,9.3767507096021
CN1CCN(Cc2ccc(NC(=O)c3cccc(-n4cc(-c5cnc6[nH]ncc6c5)nn4)c3)cc2C(F)(F)F)CC1,8.995678626217357
CN1CCN(c2ccc(C(=O)Nc3cccc(C#Cc4cccc5[nH]nc(N)c45)c3)cc2C(F)(F)F)CC1,6.385902515018325
CN1CCN(c2ccc(C(=O)Nc3n[nH]c4c3CN(C(=O)Cc3cccs3)C4)cc2)CC1,7.189969213594161
CN1CCN(c2ccc(C(=O)Nc3n[nH]c4sc(C(=O)NC(C)(C)c5ccccc5)cc34)cc2)CC1,8.389978975335854
CN1CCN(c2ccc(Nc3nc(Nc4ccc(F)c(F)c4)c4ncn(CC5CC5)c4n3)cc2)CC1,7.3979400086720375
CN1CCN(c2ccc(Nc3nc(Nc4ccc(F)c(F)c4)c4ncn(CC5CC5)c4n3)cc2F)CC1,6.236572006437063
CN[C@@H]1C[C@H]2O[C@@](C)([C@@H]1OC)n1c3ccccc3c3c4c(c5c6ccccc6n2c5c31)C(=O)NC4,7.009188989672039
CNc1ncc(-c2cn(-c3cc(C(=O)Nc4ccc(CN5CCN(C)CC5)c(C(F)(F)F)c4)ccc3C)nn2)cn1,9.267606240177031
CNc1ncc(C#Cc2cc(C(=O)Nc3cc(-n4cnc(C)c4)cc(C(F)(F)F)c3)ccc2C)cn1,8.110924374808178
COC(=O)NC(C(=O)N1CCN(c2nc(Cl)ncc2Br)CC1)C(C)C,6.414539270491499
COC(=O)Nc1ccc(-c2c(OC3CCN(C)CC3)nc3c(-c4ccc(OC)c(OC)c4)cnn3c2N)cc1,5.292429823902063
COC(=O)c1ccc(C(=O)/C(=C\c2ccc(F)c([N+](=O)[O-])c2)SCc2ccc(Br)cc2)cc1,6.1249387366083
COC(=O)c1cccc(Nc2nccc(-c3cccnc3)n2)c1,5.290000325166601
COC1=C2C[C@@H](C)C[C@H](OC)[C@H](O)[C@@H](C)/C=C(\C)[C@H](OC(N)=O)[C@@H](OC)/C=C\C=C(/C)C(=O)NC(=CC1=O)C2=O,6.0
COCCN(C)/N=N/c1ccc(C(=O)Nc2cccc(Nc3nccc(-c4cccnc4)n3)c2)cc1,4.47899994445624
COCCN/N=N/c1cccc(Nc2cc(-c3cccnc3)ncn2)c1,5.269999835325842
CO[C@H](C(=O)N1Cc2[nH]nc(NC(=O)c3ccc(N4CCN(C)CC4)cc3)c2C1)c1ccccc1,7.463941253499563
COc1cc(Nc2c(C#N)cnc3cc(OCCCN4CCN(C)CC4)c(OC)cc23)c(Cl)cc1Cl,7.698970004336019
COc1cc(Nc2c(C#N)cnc3cc(OCCON4CCN(C)CC4)c(OC)cc23)c(Cl)cc1Cl,7.327902142064283
COc1ccc(-c2cnn3c(N)c(-c4ccccc4)c(OC4CCN(C)CC4)nc23)cc1OC,6.060480747381382
COc1ccc(C(=O)Nc2ccc(Br)cc2)cc1Nc1nccc(-c2cccnc2)n1,8.319664486585436
COc1ccc(C(=O)Nc2ccc(C)c(-n3cc(-c4cccnc4)cn3)c2)cc1,7.335358024443875
COc1ccc(C(=O)Nc2ccc(C)c(-n3cc(-c4cnc5ccnn5c4)cn3)c2)cc1,6.1154311850816665
COc1ccc(C(=O)Nc2ccc(F)c(Cl)c2)cc1Nc1nccc(-c2cccnc2)n1,8.325138859262188
COc1ccc(C(=O)Nc2ccc(OCCCN(C)C)cc2)cc1Nc1nccc(-c2cccnc2)n1,9.2839966563652
COc1ccc(C(=O)Nc2ccc(OCCCN3CCOCC3)cc2)cc1Nc1nccc(-c2cccnc2)n1,8.197910742118268
COc1ccc(C(=O)Nc2ccc(OCCN(C)C)cc2)cc1Nc1nccc(-c2cccnc2)n1,8.630784142589857
COc1ccc(C(=O)Nc2ccc(OCCN3CCCC3)cc2)cc1Nc1nccc(-c2cccnc2)n1,6.455832699682682
COc1ccc(C(=O)Nc2ccc(OCCN3CCCCC3)cc2)cc1Nc1nccc(-c2cccnc2)n1,5.954512724652715
COc1ccc(C(=O)Nc2ccc(OCCN3CCOCC3)cc2)cc1Nc1nccc(-c2cccnc2)n1,7.198527686478529
COc1ccc(C(=O)Nc2cccc(C(F)(F)F)c2)cc1Nc1nccc(-c2cccnc2)n1,5.384543410452051
COc1ccc(C(=O)Nc2cccc(Cl)c2)cc1Nc1nccc(-c2cccnc2)n1,7.458795309316741
COc1ccc(C(=O)Nc2cccc(F)c2)cc1Nc1nccc(-c2cccnc2)n1,8.493494967595128
COc1ccc(C(=O)Nc2ccncc2)cc1Nc1nccc(-c2cccnc2)n1,5.55989416096334
COc1ccc(C(=O)Nc2ncccn2)cc1Nc1nccc(-c2cccnc2)n1,8.422508200162774
COc1ccc(C(=O)Nc2nccs2)cc1Nc1nccc(-c2cccnc2)n1,6.531150714458887
COc1ccc(Nc2cc(-c3ccc(C(=O)N4CCN(C(=O)c5ccc(Cl)cc5Cl)CC4)cc3)ncn2)cc1,4.4554359025039565
COc1ccc(Nc2cc(-c3ccc(C(=O)N4CCN(C(=O)c5ccc(F)c(F)c5)CC4)cc3)ncn2)cc1,4.814741234703415
COc1ccc(Nc2cc(-c3ccc(C(=O)N4CCN(C(=O)c5ccc(F)cc5)CC4)cc3)ncn2)cc1,4.447818661160664
COc1ccc(Nc2cc(-c3ccc(C(=O)N4CCN(C(=O)c5cccc(C(F)(F)F)c5)CC4)cc3)ncn2)cc1,4.284665316207687
COc1ccc(Nc2cc(-c3ccc(C(=O)N4CCN(C(=O)c5cccc(F)c5)CC4)cc3)ncn2)cc1,4.374996398985137
COc1ccc(Nc2cc(-c3ccc(C(=O)N4CCN(C(=O)c5ccccc5Cl)CC4)cc3)ncn2)cc1,4.131296797721463
COc1ccc(Nc2cc(-c3ccc(C(=O)N4CCN(C(=O)c5ccccc5F)CC4)cc3)ncn2)cc1,5.047691990337875
COc1ccc(Nc2cc(-c3ccc(C(=O)NCCNC(=O)c4c(F)cccc4Cl)cc3)ncn2)cc1,5.207608310501746
COc1ccc(Nc2cc(-c3ccc(C(=O)NCCNC(=O)c4ccc(F)c(F)c4)cc3)ncn2)cc1,5.356547323513812
COc1ccc(Nc2cc(-c3ccc(C(=O)NCCNC(=O)c4cccc(C(F)(F)F)c4)cc3)ncn2)cc1,5.586700235918748
COc1ccc(Nc2cc(-c3ccc(C(=O)NCCNC(=O)c4cccc(F)c4)cc3)ncn2)cc1,4.94692155651658
COc1ccc(Nc2cc(-c3ccc(C(=O)NCCNC(=O)c4cccc(N(C)C)c4)cc3)ncn2)cc1,5.0338582672609675
COc1ccc(Nc2cc(-c3ccc(C(=O)NCCNC(=O)c4cccc(OC)c4)cc3)ncn2)cc1,5.069050968832477
COc1ccc(Nc2cc(-c3ccc(C(=O)NCCNC(=O)c4ccccc4C)cc3)ncn2)cc1,4.8371370066780734
COc1ccc(Nc2cc(-c3ccc(C(=O)NCCNC(=O)c4ccccc4Cl)cc3)ncn2)cc1,5.0343280287798935
COc1cccc(C(=O)N2CCN(C(=O)c3ccc(-c4cc(C)ccn4)cc3)CC2)c1,6.026872146400302
COc1cccc(C(=O)N2CCN(C(=O)c3ccc(-c4ccc(C)nc4)cc3)CC2)c1,6.844663962534939
COc1cccc(C(=O)N2CCN(C(=O)c3ccc(-c4cccc5[nH]nc(N)c45)cc3)CC2)c1,4.308034897232639
COc1cccc(C(=O)N2CCN(C(=O)c3ccc(-c4ccccn4)cc3)CC2)c1,7.180456064458132
COc1cccc(C(=O)N2CCN(C(=O)c3ccc(-c4cccnc4)cc3)CC2)c1,4.217026005055952
COc1cccc(C(=O)N2CCN(C(=O)c3ccc(-c4cccs4)cc3)CC2)c1,4.047207556955908
COc1cccc(C(=O)N2CCN(C(=O)c3ccc(-c4nccs4)cc3)CC2)c1,7.795880017344075
COc1cccc(Nc2cc(-c3ccc(C(=O)N4CCN(C(=O)c5cccc(C(F)(F)F)c5)CC4)cc3)ncn2)c1,4.8696662315049934
COc1cccc(Nc2cc(-c3ccc(C(=O)N4CCN(C(=O)c5ccccc5F)CC4)cc3)ncn2)c1,4.79317412396815
COc1ccccc1C(=O)N1CCN(C(=O)c2ccc(-c3cccc4[nH]nc(N)c34)cc2)CC1,4.642827742276967
COc1ccccc1C(=O)NCCNC(=O)c1ccc(-c2cccc3[nH]nc(N)c23)cc1,6.6020599913279625
COc1ccccc1C(=O)Nc1ccc(C)c(Nc2nccc(-c3cccnc3)n2)c1,6.0999990348465305
COc1ccccc1C(=O)Nc1cccc(Nc2nccc(-c3cccnc3)n2)c1,5.720000163638921
CS(=O)(=O)N1CCN(c2nc(Cl)ncc2Br)CC1,6.5934598195660445
CS(=O)(=O)Nc1ccc(-c2ccc(C(=O)N[C@H]3CN[C@@H](C(=O)Nc4ccc(Cl)c(C(F)(F)F)c4)C3)cc2)cn1,5.628323524295222
CS(=O)(=O)Nc1ccc(-c2cccc(C(=O)N[C@H]3CN[C@@H](C(=O)Nc4ccc(Cl)c(C(F)(F)F)c4)C3)c2)cn1,4.98999181884542
CS(=O)(=O)Nc1ccc(-c2cn([C@@H]3CN[C@H](C(=O)Nc4ccc(Cl)c(C(F)(F)F)c4)C3)nn2)cn1,8.13253411126049
CSc1cccc(Nc2ncc3cc(-c4c(Cl)cccc4Cl)c(=O)n(C)c3n2)c1,8.698970004336019
C[C@H](NC(=O)c1ccc(-c2ccc(N)nc2)cc1)C(=O)Nc1ccc(Cl)c(C(F)(F)F)c1,5.618934668911675
C[C@H](NC(=O)c1ccc(-c2ccc(NC(=O)C(C)(C)C)nc2)cc1)C(=O)Nc1ccc(Cl)c(C(F)(F)F)c1,6.831470136839737
C[C@H](NC(=O)c1ccc(-c2ccc(NS(C)(=O)=O)nc2)cc1)C(=O)Nc1ccc(Cl)c(C(F)(F)F)c1,5.212917784524241
C[C@H](NC(=O)c1ccc(-c2cncc(C(=O)NC3CC3)c2)cc1)C(=O)Nc1ccc(Cl)c(C(F)(F)F)c1,5.164848307998772
C[C@H](NC(=O)c1ccc(-c2cncc(C(=O)NCCN(C)C)c2)cc1)C(=O)Nc1ccc(Cl)c(C(F)(F)F)c1,5.410603581779923
C[C@H](NC(=O)c1cccc(-c2ccc(N)nc2)c1)C(=O)Nc1ccc(Cl)c(C(F)(F)F)c1,4.708913754365715
C[C@H](NC(=O)c1cccc(-c2ccc(NC(=O)C(C)(C)C)nc2)c1)C(=O)Nc1ccc(Cl)c(C(F)(F)F)c1,5.3487219860018556
C[C@H](NC(=O)c1cccc(-c2ccc(NS(C)(=O)=O)nc2)c1)C(=O)Nc1ccc(Cl)c(C(F)(F)F)c1,5.476253533188435
C[C@H](NC(=O)c1cccc(-c2cncc(C(=O)NC3CC3)c2)c1)C(=O)Nc1ccc(Cl)c(C(F)(F)F)c1,5.470942691078809
C[C@H](NC(=O)c1cccc(-c2cncc(C(=O)NCCN(C)C)c2)c1)C(=O)Nc1ccc(Cl)c(C(F)(F)F)c1,5.905901491720622
C[C@H]1CN(c2cncnc2)Cc2cc(C(=O)Nc3cc(CN4CCCN(C)CC4)cc(C(F)(F)F)c3)ccc21,5.0915149811213505
Cc1cc(NC(=O)c2ccc(C)c(Nc3nc(-c4cccnc4)cs3)c2)cc(-n2cnc(C)c2)c1,6.111259039317107
Cc1cc(Nc2cc(N3CCN(C)CC3)nc(Sc3ccc(NC(=O)C4CC4)cc3)n2)n[nH]1,7.299988937677887
Cc1cc(Nc2ncc(C(=O)Nc3c(C)cccc3Cl)s2)nc(C)n1,8.522878745280337
Cc1ccc(-c2ccnc(Nc3cc(NC(=O)c4ccc(CN5CCN(C)CC5)cc4)ccc3C)n2)cn1,4.958607314841775
Cc1ccc(-c2ccnc(Nc3cccc(OC(F)(F)C(F)F)c3)n2)cc1,4.300000029139088
Cc1ccc(C(=O)N2CCN(C(=O)c3ccc(-c4ccc5c(N)n[nH]c5c4)cc3)CC2)cc1,4.960463670573408
Cc1ccc(C(=O)N2CCN(C(=O)c3ccc(-c4cccc5[nH]nc(N)c45)cc3)CC2)cc1,5.232844133917819
Cc1ccc(C(=O)NCCNC(=O)c2ccc(-c3ccc4c(N)n[nH]c4c3)cc2)cc1,5.893373973901802
Cc1ccc(C(=O)NCCNC(=O)c2ccc(-c3cccc4[nH]nc(N)c34)cc2)cc1,5.785253056635629
Cc1ccc(C(=O)NNC(=O)c2c(C)cccc2Cl)cc1C#Cc1cnc2ccccc2c1,9.045757490560675
Cc1ccc(C(=O)Nc2cc(-c3cn(C)nn3)cc(C(F)(F)F)c2)cc1Nc1nc(-c2cccnc2)cs1,6.557520230935552
Cc1ccc(C(=O)Nc2cc(-c3cnn(C)c3)cc(C(F)(F)F)c2)cc1Nc1nc(-c2cccnc2)cs1,6.308918507877031
Cc1ccc(C(=O)Nc2cc(-n3ccnc3)cc(C(F)(F)F)c2)cc1Nc1nc(-c2cccnc2)cs1,6.2949920406666635
Cc1ccc(C(=O)Nc2cc(-n3cncn3)cc(C(F)(F)F)c2)cc1-n1cc(-c2cnc3[nH]ncc3c2)nn1,8.987162775294827
Cc1ccc(C(=O)Nc2ccc(C)c(Nc3nccc(-c4cccnc4)n3)c2)cc1,6.699480900891103
Cc1ccc(C(=O)Nc2ccc(CN3CCC(N(C)C)CC3)c(C(F)(F)F)c2)cc1-n1cc(-c2cnc3[nH]ncc3c2)nn1,9.481486060122112
Cc1ccc(C(=O)Nc2ccc(CN3CCC(N4CCN(C)CC4)CC3)c(C(F)(F)F)c2)cc1-n1cc(-c2cnc3[nH]ncc3c2)nn1,9.2839966563652
Cc1ccc(C(=O)Nc2ccc(CN3CCCC3)c(C(F)(F)F)c2)cc1-n1cc(-c2cnc3[nH]ncc3c2)nn1,9.142667503568731
Cc1ccc(C(=O)Nc2ccc(CN3CCCCC3)c(C(F)(F)F)c2)cc1-n1cc(-c2cnc3[nH]ncc3c2)nn1,8.59176003468815
Cc1ccc(C(=O)Nc2ccc(CN3CCCN(C)CC3)c(C(F)(F)F)c2)cc1-n1cc(-c2cnc3[nH]ncc3c2)nn1,9.346787486224656
Cc1ccc(C(=O)Nc2ccc(CN3CCN(C)CC3)c(C(F)(F)F)c2)cc1-n1cc(-c2ccc3[nH]ccc3c2)nn1,6.519993057042849
Cc1ccc(C(=O)Nc2ccc(CN3CCN(C)CC3)c(C(F)(F)F)c2)cc1-n1cc(-c2ccc3[nH]ncc3c2)nn1,7.749579997691106
Cc1ccc(C(=O)Nc2ccc(CN3CCN(C)CC3)c(C(F)(F)F)c2)cc1-n1cc(-c2cnc(N)nc2)nn1,9.10790539730952
Cc1ccc(C(=O)Nc2ccc(CN3CCN(C)CC3)c(C(F)(F)F)c2)cc1-n1cc(-c2cnc(N3CCCCC3)nc2)nn1,5.78807891569149
Cc1ccc(C(=O)Nc2ccc(CN3CCN(C)CC3)c(C(F)(F)F)c2)cc1-n1cc(-c2cnc(NC(C)C)nc2)nn1,8.224753740259764
Cc1ccc(C(=O)Nc2ccc(CN3CCN(C)CC3)c(C(F)(F)F)c2)cc1-n1cc(-c2cnc(NC3CC3)nc2)nn1,8.995678626217357
Cc1ccc(C(=O)Nc2ccc(CN3CCN(C)CC3)c(C(F)(F)F)c2)cc1-n1cc(-c2cnc(NC3CCCCC3)nc2)nn1,7.892790030352131
Cc1ccc(C(=O)Nc2ccc(CN3CCN(C)CC3)c(C(F)(F)F)c2)cc1-n1cc(-c2cnc(NCc3ccccc3)nc2)nn1,7.718966632752273
Cc1ccc(C(=O)Nc2ccc(CN3CCN(C)CC3)c(C(F)(F)F)c2)cc1-n1cc(-c2cnc3[nH]ccc3c2)nn1,9.161150909262744
Cc1ccc(C(=O)Nc2ccc(CN3CCN(C)CC3)c(C(F)(F)F)c2)cc1-n1cc(-c2cnc3[nH]nc(C)c3c2)nn1,9.2839966563652
Cc1ccc(C(=O)Nc2ccc(CN3CCN(C)CC3)c(C(F)(F)F)c2)cc1-n1cc(-c2cnc3[nH]ncc3c2)nn1,9.221848749616356
Cc1ccc(C(=O)Nc2ccc(CN3CCN(C)CC3)c(C(F)(F)F)c2)cc1-n1cc(-c2cnc3ccccn23)nn1,9.2839966563652
Cc1ccc(C(=O)Nc2ccc(CN3CCN(C)CC3)c(C(F)(F)F)c2)cc1-n1cc(-c2cnc3cccnn23)nn1,8.573488738635424
Cc1ccc(C(=O)Nc2ccc(CN3CCN(C)CC3)c(C(F)(F)F)c2)cc1-n1cc(-c2cnc3ncccn23)nn1,8.46344155742847
Cc1ccc(C(=O)Nc2ccc(CN3CCN(C)CC3)c(C(F)(F)F)c2)cc1-n1cc(-c2cnc3ncnn3c2)nn1,7.645891560852599
Cc1ccc(C(=O)Nc2ccc(CN3CCN(C)CC3)c(C(F)(F)F)c2)cc1-n1cc(-c2cnn3cccnc23)nn1,8.647817481888637
Cc1ccc(C(=O)Nc2ccc(CN3CCN(C)CC3)c(C(F)(F)F)c2)cc1C#Cc1cnc2cccnn12,9.045757490560675
Cc1ccc(C(=O)Nc2ccc(CN3CCOCC3)c(C(F)(F)F)c2)cc1-n1cc(-c2cnc3[nH]ncc3c2)nn1,8.847711655616944
Cc1ccc(C(=O)Nc2ccc(CN3CC[C@@H](N(C)C)C3)c(C(F)(F)F)c2)cc1-n1cc(-c2cnc3[nH]ncc3c2)nn1,9.346787486224656
Cc1ccc(C(=O)Nc2ccc(CN3CC[C@H](N(C)C)C3)c(C(F)(F)F)c2)cc1-n1cc(-c2cnc3[nH]ncc3c2)nn1,9.2839966563652
Cc1ccc(C(=O)Nc2ccc(CN3C[C@H]4CN(C)C[C@H]4C3)c(C(F)(F)F)c2)cc1-n1cc(-c2cnc3[nH]ncc3c2)nn1,9.387216143280265
Cc1ccc(C(=O)Nc2cccc(C#Cc3cccc4[nH]nc(N)c34)c2)cc1C(F)(F)F,6.25583747482114
Cc1ccc(C(=O)Nc2cccc(C(F)(F)F)c2)cc1-c1cccc(-c2cnc3cnccn23)c1,6.6252516539898965
Cc1ccc(C(=O)Nc2cccc(Nc3nccc(-c4cccnc4)n3)c2)cc1,6.0
Cc1ccc(CS/C(=C/c2ccc(F)c([N+](=O)[O-])c2)C(=O)c2ccc(C(=O)O)cc2)cc1,5.6020599913279625
Cc1ccc(N)cc1Nc1nccc(-c2cccnc2)n1,5.820000358220839
Cc1ccc(NC(=O)N2CCCCC2)cc1Nc1nccc(-c2cccnc2)n1,5.0
Cc1ccc(NC(=O)N2CCN(C)CC2)cc1Nc1nccc(-c2cccnc2)n1,5.300000202445418
Cc1ccc(NC(=O)NCCN2CCCC2)cc1Nc1nccc(-c2cccnc2)n1,5.049999969853415
Cc1ccc(NC(=O)NCc2cccc(Cl)c2)cc1Nc1nccc(-c2cccnc2)n1,6.0
Cc1ccc(NC(=O)Nc2ccc(N(C)C)cc2)cc1Nc1nccc(-c2cccnc2)n1,5.0
Cc1ccc(NC(=O)Nc2cccc(N(C)C)c2)cc1Nc1nccc(-c2cccnc2)n1,6.2399999527072705
Cc1ccc(NC(=O)Nc2cccc(N3CCCC3)c2)cc1Nc1nccc(-c2cccnc2)n1,6.139997578098902
Cc1ccc(NC(=O)c2ccc(/C=C/C(=O)NO)cc2)cc1Nc1nc(-c2cccnc2)cs1,5.568636235841013
Cc1ccc(NC(=O)c2ccc(/N=N/N(C)C)cc2)cc1Nc1nccc(-c2cccnc2)n1,5.660000322371772
Cc1ccc(NC(=O)c2ccc(/N=N/N(C)CCCl)cc2)cc1Nc1nccc(-c2cccnc2)n1,4.759999957202692
Cc1ccc(NC(=O)c2ccc(C(F)(F)F)cc2)cc1-n1cc(-c2cccnc2)cn1,7.363813104801276
Cc1ccc(NC(=O)c2ccc(C(F)(F)F)cc2)cc1-n1cc(-c2cnc3cccnn23)cn1,7.130181792020672
Cc1ccc(NC(=O)c2ccc(C(F)(F)F)cc2)cc1-n1cc(-c2cnc3ccnn3c2)cn1,6.094906031672129
Cc1ccc(NC(=O)c2ccc(CN3CC(N(C)C)C3)c(C(F)(F)F)c2)cc1Nc1nccc(-c2cncnc2)n1,7.770062314092066
Cc1ccc(NC(=O)c2ccc(CN3CCC(CN(C)C)C3)c(C(F)(F)F)c2)cc1Nc1nccc(-c2cncnc2)n1,7.96018944585165
Cc1ccc(NC(=O)c2ccc(CN3CCC(N(C)C)C3)c(C(F)(F)F)c2)cc1Nc1nccc(-c2cncnc2)n1,8.400007822415901
Cc1ccc(NC(=O)c2ccc(CN3CCCC3)cc2)cc1-n1cc(-c2cccnc2)cn1,6.930331903088404
Cc1ccc(NC(=O)c2ccc(CN3CCCN(C)CC3)cc2)cc1-n1cc(-c2cccnc2)cn1,7.575445023393287
Cc1ccc(NC(=O)c2ccc(CN3CCCN(C)CC3)cc2)cc1-n1cc(-c2cnc3ccnn3c2)cn1,6.20690839982342
Cc1ccc(NC(=O)c2ccc(CN3CCN(C)CC3)c(Br)c2)cc1Nc1nccc(-c2cccnc2)n1,8.15002808767115
Cc1ccc(NC(=O)c2ccc(CN3CCN(C)CC3)c(C(F)(F)F)c2)cc1Nc1nccc(-c2cccnc2)n1,8.299988937677888
Cc1ccc(NC(=O)c2ccc(CN3CCN(C)CC3)c(C(F)(F)F)c2)cc1Nc1nccc(-c2cncnc2)n1,8.400007822415901
Cc1ccc(NC(=O)c2ccc(CN3CCN(C)CC3)c(Cl)c2)cc1Nc1nccc(-c2cccnc2)n1,8.0
Cc1ccc(NC(=O)c2ccc(CN3CCN(C)CC3)c(F)c2)cc1Nc1nccc(-c2cccnc2)n1,7.199970640755866
Cc1ccc(NC(=O)c2ccc(CN3CCN(C)CC3)c(I)c2)cc1Nc1nccc(-c2cccnc2)n1,8.0
Cc1ccc(NC(=O)c2ccc(CN3CCN(C)CC3)cc2)cc1-n1cc(-c2cccnc2)cn1,7.295849483160201
Cc1ccc(NC(=O)c2ccc(CN3CCN(C)CC3)cc2)cc1-n1cc(-c2cnc3cccnn23)cn1,7.583858968831671
Cc1ccc(NC(=O)c2ccc(CN3CCN(C)CC3)cc2)cc1Nc1nccc(-c2cccnc2)n1,6.672988779444495
Cc1ccc(NC(=O)c2ccc(CN3CCN(CCF)CC3)cc2)cc1Nc1nccc(-c2cccnc2)n1,5.860750782428393
Cc1ccc(NC(=O)c2ccc(CN3CCN(CCO)CC3)cc2)cc1-n1cc(-c2cccnc2)cn1,6.756218083906205
Cc1ccc(NC(=O)c2ccc(CN3CCN(CCO)CC3)cc2)cc1Nc1nccc(-c2cccnc2)n1,5.149782758201611
Cc1ccc(NC(=O)c2ccc(CN3CCN(Cc4ccc(I)cc4)CC3)cc2)cc1Nc1nccc(-c2cccnc2)n1,6.131061821667089
Cc1ccc(NC(=O)c2ccc(CN3CCNCC3)cc2)cc1Nc1nccc(-c2cccnc2)n1,5.807432546663454
Cc1ccc(NC(=O)c2ccc(CN3CCOCC3)cc2)cc1-n1cc(-c2cccnc2)cn1,6.749579997691106
Cc1ccc(NC(=O)c2ccc(CN3CCOCC3)cc2)cc1-n1cc(-c2cnc3cccnn23)cn1,6.964170174747172
Cc1ccc(NC(=O)c2ccc(CN3CCOCC3)cc2)cc1-n1cc(-c2cnc3ccnn3c2)cn1,5.613322716039162
Cc1ccc(NC(=O)c2ccc(CN3CC[C@H](N(C)C)C3)c(C(F)(F)F)c2)cc1Nc1nccc(-c2cncnc2)n1,8.236572006437063
Cc1ccc(NC(=O)c2ccc(Cl)cc2)cc1Nc1nccc(-c2cccnc2)n1,6.0999990348465305
Cc1ccc(NC(=O)c2ccc(Cn3ccnc3)cc2)cc1-n1cc(-c2cccnc2)cn1,6.486782399932061
Cc1ccc(NC(=O)c2ccc(F)cc2)cc1-n1cc(-c2cccnc2)cn1,6.670602120638957
Cc1ccc(NC(=O)c2ccc(F)cc2)cc1-n1cc(-c2cnc3cccnn23)cn1,7.092051478387727
Cc1ccc(NC(=O)c2ccc(N)cc2)cc1Nc1nccc(-c2cccnc2)n1,4.169999984192581
Cc1ccc(NC(=O)c2ccc(N=NN(C)CO)cc2)cc1Nc1nccc(-c2cccnc2)n1,5.499999678657065
Cc1ccc(NC(=O)c2ccc3ccccc3c2)cc1Nc1nccc(-c2cccnc2)n1,6.699991797446187
Cc1ccc(NC(=O)c2cccc(C(F)(F)F)c2)cc1-n1cc(-c2cccnc2)cn1,7.847711655616943
Cc1ccc(NC(=O)c2cccc(C(F)(F)F)c2)cc1-n1cc(-c2cnc3cccnn23)cn1,8.070581074285707
Cc1ccc(NC(=O)c2cccc(Cl)c2)cc1-n1cc(-c2cccnc2)cn1,7.798602875679548
Cc1ccc(NC(=O)c2cccc(Cl)c2)cc1-n1cc(-c2cnc3cccnn23)cn1,7.653647025549361
Cc1ccc(NC(=O)c2ccccc2)cc1Nc1nccc(-c2cccnc2)n1,6.399996913372259
Cc1ccc(Nc2ncc3c(n2)N(C)C(=O)N(c2cc(NC(=O)c4cccc(C(F)(F)F)c4)ccc2C)C3)cn1,8.903089986991944
Cc1ccc(S(=O)(=O)N2CCN(c3nc(Cl)ncc3Br)CC2)cc1,4.236572006437063
Cc1ccc(S(=O)(=O)N2CCN(c3nc(N4CCOCC4)ncc3Br)CC2)c(C)c1,5.772113295386326
Cc1ccc(S(=O)(=O)N2CCN(c3nc(N4CCOCC4)ncc3Br)CC2)cc1,5.703334809738469
Cc1ccc2cc(-c3cccc(C(F)(F)F)c3)ncc2c1C#Cc1nn(C(C)C)c2ncnc(N)c12,6.361510743045363
Cc1cccc(C(=O)N2CCN(C(=O)c3ccc(-c4cccc5[nH]nc(N)c45)cc3)CC2)c1,5.6252516539898965
Cc1cccc(Nc2nccc(-c3cccnc3)n2)c1,5.740000204918113
Cc1ccccc1C(=O)N1CCN(C(=O)c2ccc(-c3cccc4[nH]nc(N)c34)cc2)CC1,5.0675262353228465
Cc1ccccc1C(=O)NCCNC(=O)c1ccc(-c2cccc3[nH]nc(N)c23)cc1,6.142742915009306
Cc1ccnc(-c2ccc(C(=O)N3CCN(C(=O)c4cccc(C(F)(F)F)c4)CC3)cc2)c1,6.950781977329818
Cc1ccnc(-c2ccc(C(=O)N3CCN(C(=O)c4cccc(F)c4)CC3)cc2)c1,4.198596289982645
Cc1ccnc(-c2ccc(C(=O)N3CCN(C(=O)c4cccc(N(C)C)c4)CC3)cc2)c1,4.719649306953994
Cc1cn(-c2cc(C(=O)Nc3cccc(C#Cc4cccc5[nH]nc(N)c45)c3)cc(C(F)(F)F)c2)cn1,6.827058393534143
Cc1cn(-c2cc(Cl)cc(NC(=O)c3ccc(C)c(Nc4nc(-c5cccnc5)cs4)c3)c2)cn1,5.886056647693163
Cc1cn(-c2cc(NC(=O)c3ccc(C)c(-n4cc(-c5cnc6[nH]ncc6c5)nn4)c3)cc(C(F)(F)F)c2)cn1,8.779891911959945
Cc1cn(-c2cc(NC(=O)c3ccc(C)c(/C=C/N4CNc5c(NC6CC6)ncnc54)c3)cc(C(F)(F)F)c2)cn1,8.096910013008056
Cc1cn(-c2cc(NC(=O)c3ccc(C)c(C#Cc4cnc(N)nc4)c3)cc(C(F)(F)F)c2)cn1,8.1259059864969
Cc1cn(-c2cc(NC(=O)c3ccc(C)c(C#Cc4cnc(N5CCCCC5)nc4)c3)cc(C(F)(F)F)c2)cn1,6.043831569524636
Cc1cn(-c2cc(NC(=O)c3ccc(C)c(C#Cc4cnc(N5CCOCC5)nc4)c3)cc(C(F)(F)F)c2)cn1,6.522878745280337
Cc1cn(-c2cc(NC(=O)c3ccc(C)c(C#Cc4cnc(NC(C)(C)C)nc4)c3)cc(C(F)(F)F)c2)cn1,7.586315363473087
Cc1cn(-c2cc(NC(=O)c3ccc(C)c(C#Cc4cnc(NC(C)C)nc4)c3)cc(C(F)(F)F)c2)cn1,6.815624190227723
Cc1cn(-c2cc(NC(=O)c3ccc(C)c(C#Cc4cnc(NC5CC5)nc4)c3)cc(C(F)(F)F)c2)cn1,8.173393743112328
Cc1cn(-c2cc(NC(=O)c3ccc(C)c(C#Cc4cnc(NC5CCCCC5)nc4)c3)cc(C(F)(F)F)c2)cn1,6.685325786721098
Cc1cn(-c2cc(NC(=O)c3ccc(C)c(C#Cc4cnc(NCCO)nc4)c3)cc(C(F)(F)F)c2)cn1,7.732986946971932
Cc1cn(-c2cc(NC(=O)c3ccc(C)c(C#Cc4cnc(Nc5ccccc5)nc4)c3)cc(C(F)(F)F)c2)cn1,6.708298583455819
Cc1cn(-c2cc(NC(=O)c3ccc(C)c(Nc4nc(-c5cccnc5)cs4)c3)cc(C(C)(C)C)c2)cn1,7.696803942579511
Cc1cn(-c2cc(NC(=O)c3ccc(C)c(Nc4nc(-c5cccnc5)cs4)c3)cc(C(C)C)c2)cn1,6.752026733638194
Cc1cn(-c2cc(NC(=O)c3ccc(C)c(Nc4nc(-c5cccnc5)cs4)c3)cc(C(F)(F)F)c2)cn1,6.1732774798310075
Cc1cn(-c2cc(NC(=O)c3ccc(C)c(Nc4nccc(-c5cccnc5)n4)c3)cc(C(F)(F)F)c2)cn1,7.430626090384954
Cc1cn(-c2cc(NC(=O)c3ccc(C)c(Nc4nccc(-c5cnccn5)n4)c3)cc(C(F)(F)F)c2)cn1,8.920818753952375
Cc1cn(-c2cc(NC(=O)c3cccc(C#Cc4cccc5[nH]nc(N)c45)c3)cc(C(F)(F)F)c2)cn1,6.836226541169827
Cc1cn(-c2cc(NC(=O)c3cccc(Nc4nc(-c5cccnc5)cs4)c3)cc(C(F)(F)F)c2)cn1,5.422508200162775
Cc1nc(Nc2ncc(C(=O)Nc3c(C)cccc3Cl)s2)cc(N2CCN(CCO)CC2)n1,8.119186407719209
Cc1ncc(NC(=O)c2ccc(CN3CCN(C)CC3)c(C(F)(F)F)c2)cc1Nc1nccc(-c2cccnc2)n1,7.7594507517174005
Cc1ncc(NC(=O)c2ccc(CN3CCN(C)CC3)c(Cl)c2)cc1Nc1nccc(-c2cccnc2)n1,7.096910013008056
Cc1ncn(-c2cc(NC(=O)c3ccc(C)c(-n4cc(-c5cnc6[nH]ncc6c5)nn4)c3)cc(C(F)(F)F)c2)n1,8.712198270069774
Cc1ncn(-c2cc(NC(=O)c3ccc(C)c(Nc4nc(-c5cccnc5)cs4)c3)cc(C(F)(F)F)c2)n1,6.318758762624412
Cc1noc(C)c1S(=O)(=O)N1CCN(c2nc(Cl)ncc2Br)CC1,6.251811972993799
Clc1cccc(Nc2nccc(-c3cccnc3)n2)c1,5.820000358220839
FC(F)C(F)(F)Oc1cccc(Nc2nccc(-c3c[nH]c4ccccc34)n2)c1,6.429994423238211
FC(F)C(F)(F)Oc1cccc(Nc2nccc(-c3ccncc3)n2)c1,4.0
N#Cc1ccc(C(=O)Nc2cccc(Nc3nccc(-c4cccnc4)n3)c2)cc1,5.889999848866887
NC(=O)c1cccc(-c2cc(Nc3ccc(OC(F)(F)F)cc3)ncn2)c1,6.573488738635425
NCCCCNC(=O)c1cccc(Nc2nccc(-c3cccnc3)n2)c1,6.399996913372259
NCCCn1ccc2c(-c3ccnc(Nc4cccc(OC(F)(F)C(F)F)c4)n3)cccc21,6.459996055149973
Nc1ccc(-c2ccc(C(=O)N[C@H]3CN[C@@H](C(=O)Nc4ccc(Cl)c(C(F)(F)F)c4)C3)cc2)cn1,4.943969103071689
Nc1ccc(-c2cccc(C(=O)N[C@H]3CN[C@@H](C(=O)Nc4ccc(Cl)c(C(F)(F)F)c4)C3)c2)cn1,4.922268820347608
Nc1ccc(-c2cn([C@@H]3CN[C@H](C(=O)Nc4ccc(Cl)c(C(F)(F)F)c4)C3)nn2)cn1,7.513027527927916
Nc1ccc(C(=O)Nc2cccc(Nc3nccc(-c4cccnc4)n3)c2)cc1,5.010000098195094
Nc1cccc(Nc2nccc(-c3cccnc3)n2)c1,6.149997413907539
Nc1cccc(Nc2nccc(-c3ccncc3)n2)c1,6.219999701663429
Nc1n[nH]c2cc(-c3ccc(C(=O)N4CCN(C(=O)c5ccc(Br)cc5)CC4)cc3)ccc12,4.849124836602812
Nc1n[nH]c2cc(-c3ccc(C(=O)N4CCN(C(=O)c5ccc(Cl)c(C(F)(F)F)c5)CC4)cc3)ccc12,5.487209857281861
Nc1n[nH]c2cc(-c3ccc(C(=O)N4CCN(C(=O)c5ccc(F)cc5)CC4)cc3)ccc12,5.348142845673145
Nc1n[nH]c2cc(-c3ccc(C(=O)NCCNC(=O)c4ccc(Br)cc4)cc3)ccc12,5.61870572741014
Nc1n[nH]c2cc(-c3ccc(C(=O)NCCNC(=O)c4ccc(Cl)c(C(F)(F)F)c4)cc3)ccc12,7.068041311521069
Nc1n[nH]c2cc(-c3ccc(C(=O)NCCNC(=O)c4ccc(F)cc4)cc3)ccc12,4.912041246744954
Nc1n[nH]c2cc(-c3cn([C@@H]4CN[C@H](C(=O)Nc5ccc(Br)cc5)C4)nn3)ccc12,6.93487953231669
Nc1n[nH]c2cc(-c3cn([C@@H]4CN[C@H](C(=O)Nc5ccc(Cl)c(C(F)(F)F)c5)C4)nn3)ccc12,7.343467322593245
Nc1n[nH]c2cc(-c3cn([C@@H]4CN[C@H](C(=O)Nc5ccc(Cl)cc5Cl)C4)nn3)ccc12,6.7505917664314925
Nc1n[nH]c2cccc(-c3ccc(C(=O)N4CCN(C(=O)c5ccc(Br)cc5)CC4)cc3)c12,5.485714373653732
Nc1n[nH]c2cccc(-c3ccc(C(=O)N4CCN(C(=O)c5ccc(Cl)c(C(F)(F)F)c5)CC4)cc3)c12,5.327089730173342
Nc1n[nH]c2cccc(-c3ccc(C(=O)N4CCN(C(=O)c5ccc(Cl)cc5)CC4)cc3)c12,4.953217895784917
Nc1n[nH]c2cccc(-c3ccc(C(=O)N4CCN(C(=O)c5ccc(Cl)cc5Cl)CC4)cc3)c12,7.100329725273209
Nc1n[nH]c2cccc(-c3ccc(C(=O)N4CCN(C(=O)c5ccc(F)c(F)c5)CC4)cc3)c12,4.078209514341813
Nc1n[nH]c2cccc(-c3ccc(C(=O)N4CCN(C(=O)c5ccc(F)cc5)CC4)cc3)c12,4.718080592169702
Nc1n[nH]c2cccc(-c3ccc(C(=O)N4CCN(C(=O)c5cccc(C(F)(F)F)c5)CC4)cc3)c12,4.791668764449247
Nc1n[nH]c2cccc(-c3ccc(C(=O)N4CCN(C(=O)c5cccc(F)c5)CC4)cc3)c12,6.374765601649758
Nc1n[nH]c2cccc(-c3ccc(C(=O)N4CCN(C(=O)c5ccccc5Br)CC4)cc3)c12,6.437747887582859
Nc1n[nH]c2cccc(-c3ccc(C(=O)N4CCN(C(=O)c5ccccc5Cl)CC4)cc3)c12,6.271483167472811
Nc1n[nH]c2cccc(-c3ccc(C(=O)NCCNC(=O)c4ccc(Br)cc4)cc3)c12,4.261591979427135
Nc1n[nH]c2cccc(-c3ccc(C(=O)NCCNC(=O)c4ccc(Cl)c(C(F)(F)F)c4)cc3)c12,5.828788659588897
Nc1n[nH]c2cccc(-c3ccc(C(=O)NCCNC(=O)c4ccc(F)c(F)c4)cc3)c12,4.48365984244375
Nc1n[nH]c2cccc(-c3ccc(C(=O)NCCNC(=O)c4ccc(F)cc4)cc3)c12,5.141933611245996
Nc1n[nH]c2cccc(-c3ccc(C(=O)NCCNC(=O)c4cccc(C(F)(F)F)c4)cc3)c12,5.2982552855353315
Nc1n[nH]c2cccc(-c3ccc(C(=O)NCCNC(=O)c4ccccc4Br)cc3)c12,6.745802483433473
Nc1n[nH]c2cccc(C#Cc3cccc(C(=O)Nc4cc(C(F)(F)F)cc(C(F)(F)F)c4)c3)c12,6.280112670193564
Nc1n[nH]c2cccc(C#Cc3cccc(C(=O)Nc4cc(CN5CCOCC5)cc(C(F)(F)F)c4)c3)c12,5.921845085136557
Nc1n[nH]c2cccc(C#Cc3cccc(C(=O)Nc4ccc(CN5CCOCC5)c(C(F)(F)F)c4)c3)c12,6.252802678798691
Nc1n[nH]c2cccc(C#Cc3cccc(C(=O)Nc4ccc(Cl)c(C(F)(F)F)c4)c3)c12,6.2205857375914935
Nc1n[nH]c2cccc(C#Cc3cccc(C(=O)Nc4cccc(C(F)(F)F)c4)c3)c12,6.16183613305934
Nc1n[nH]c2cccc(C#Cc3cccc(NC(=O)c4cc(C(F)(F)F)cc(C(F)(F)F)c4)c3)c12,6.175874166083451
Nc1n[nH]c2cccc(C#Cc3cccc(NC(=O)c4cc(F)cc(C(F)(F)F)c4)c3)c12,6.02091881527932
Nc1n[nH]c2cccc(C#Cc3cccc(NC(=O)c4cc(N5CCOCC5)cc(C(F)(F)F)c4)c3)c12,5.755507603010118
Nc1n[nH]c2cccc(C#Cc3cccc(NC(=O)c4ccc(N5CCOCC5)c(C(F)(F)F)c4)c3)c12,7.490608155562652
Nc1n[nH]c2cccc(C#Cc3cccc(NC(=O)c4cccc(C(F)(F)F)c4)c3)c12,6.504455662453552
Nc1nc2ccc(-c3cn([C@@H]4CN[C@H](C(=O)Nc5ccc(Br)cc5)C4)nn3)nc2s1,7.157990417245095
Nc1nc2ccc(-c3cn([C@@H]4CN[C@H](C(=O)Nc5ccc(Cl)c(C(F)(F)F)c5)C4)nn3)nc2s1,7.707177155856803
Nc1nc2ccc(-c3cn([C@@H]4CN[C@H](C(=O)Nc5ccc(Cl)cc5Cl)C4)nn3)nc2s1,7.476177534443677
Nc1nc2ccc(-c3cn([C@@H]4CN[C@H](C(=O)Nc5ccc(F)c(F)c5)C4)nn3)nc2s1,6.344901777033495
Nc1ncnc2c1c(-c1cccc(O)c1)cn2C1CCCC1,7.236572006437063
Nc1ncnc2c1c(-c1cccc(O)c1)cn2[C@H]1C[C@@H](CO)C1,7.366531544420414
Nc1ncnc2c1c(-c1cnc3[nH]ccc3c1)nn2C1CCCC1,7.7447274948966935
O=C(/C(=C\c1ccc(F)c([N+](=O)[O-])c1)SCc1ccc(Br)cc1)c1ccc(C(=O)N2CCN(CCO)CC2)cc1,6.301029995663981
O=C(/C(=C\c1ccc(F)c([N+](=O)[O-])c1)SCc1ccc(F)cc1)c1ccc(C(=O)N2CCN(CCO)CC2)cc1,6.301029995663981
O=C(/C(=C\c1ccc(F)c([N+](=O)[O-])c1)SCc1ccc(F)cc1)c1ccc(F)cc1,5.6020599913279625
O=C(CNc1ccc(-c2ccc(NC(=O)C3CC3)nc2)cc1)Nc1ccc(CN2CCNCC2)c(C(F)(F)F)c1,6.6777807052660805
O=C(Cc1ccc(-c2ccc(OCCN3CCOCC3)cc2)cn1)NCc1ccccc1,7.0
O=C(NC1CC1)c1cncc(-c2ccc(C(=O)N[C@H]3CN[C@@H](C(=O)Nc4ccc(Cl)c(C(F)(F)F)c4)C3)cc2)c1,4.310889534609782
O=C(NC1CC1)c1cncc(-c2cccc(C(=O)N[C@H]3CN[C@@H](C(=O)Nc4ccc(Cl)c(C(F)(F)F)c4)C3)c2)c1,4.685417571396343
O=C(NC1CC1)c1cncc(-c2cn([C@@H]3CN[C@H](C(=O)Nc4ccc(Cl)c(C(F)(F)F)c4)C3)nn2)c1,8.10659945324481
O=C(Nc1ccc(-c2cn([C@@H]3CN[C@H](C(=O)Nc4ccc(Cl)c(C(F)(F)F)c4)C3)nn2)cn1)C1CC1,7.829226355998287
O=C(Nc1ccc(Cl)c(C(F)(F)F)c1)[C@@H]1C[C@H](n2cc(-c3cncc(C(=O)N4CCOCC4)c3)nn2)CN1,6.658904633208586
O=C(Nc1cccc(Nc2nccc(-c3cccnc3)n2)c1)C1=CC=CCC1=S,6.519993057042849
O=C(Nc1cccc(Nc2nccc(-c3cccnc3)n2)c1)C1CCCCC1,6.350003492533959
O=C(Nc1cccc(Nc2nccc(-c3cccnc3)n2)c1)c1ccc(F)cc1,6.699991797446187
O=C(Nc1cccc(Nc2nccc(-c3cccnc3)n2)c1)c1ccccc1,6.399996913372259
O=C(Nc1cccc(Nc2nccc(-c3cccnc3)n2)c1)c1ccccn1,5.420000452721523
O=C(Nc1cccc(Nc2nccc(-c3cccnc3)n2)c1)c1cccnc1,6.819988880942282
O=C(Nc1cccc(Nc2nccc(-c3cccnc3)n2)c1)c1ccncc1,6.299997602857746
O=C(Nc1n[nH]c2cc(-c3cn([C@@H]4CN[C@H](C(=O)Nc5ccc(Br)cc5)C4)nn3)ccc12)C1CC1,7.549652312545295
O=C(Nc1n[nH]c2cc(-c3cn([C@@H]4CN[C@H](C(=O)Nc5ccc(Cl)c(C(F)(F)F)c5)C4)nn3)ccc12)C1CC1,7.77441392124373
O=C(Nc1n[nH]c2cc(-c3cn([C@@H]4CN[C@H](C(=O)Nc5ccc(Cl)cc5Cl)C4)nn3)ccc12)C1CC1,7.890098012274553
O=C(Nc1nc2ccc(-c3cn([C@@H]4CN[C@H](C(=O)Nc5ccc(Br)cc5)C4)nn3)nc2s1)C1CC1,7.731018962996137
O=C(Nc1nc2ccc(-c3cn([C@@H]4CN[C@H](C(=O)Nc5ccc(Cl)c(C(F)(F)F)c5)C4)nn3)nc2s1)C1CC1,7.283572934259862
O=C(Nc1nc2ccc(-c3cn([C@@H]4CN[C@H](C(=O)Nc5ccc(Cl)cc5Cl)C4)nn3)nc2s1)C1CC1,7.971787711909094
O=C(Nc1nc2ccc(-c3cn([C@@H]4CN[C@H](C(=O)Nc5ccc(F)c(F)c5)C4)nn3)nc2s1)C1CC1,6.6969982284698535
O=C(O)c1ccc(C(=O)/C(=C\c2ccc(Br)c([N+](=O)[O-])c2)SCc2ccc(Br)cc2)cc1,5.0
O=C(O)c1ccc(C(=O)/C(=C\c2ccc(Br)c([N+](=O)[O-])c2)SCc2ccc(Cl)cc2)cc1,5.6020599913279625
O=C(O)c1ccc(C(=O)/C(=C\c2ccc(Br)c([N+](=O)[O-])c2)SCc2ccc(Cl)cc2Cl)cc1,5.6020599913279625
O=C(O)c1ccc(C(=O)/C(=C\c2ccc(Br)c([N+](=O)[O-])c2)SCc2ccc(F)cc2)cc1,4.823908740944319
O=C(O)c1ccc(C(=O)/C(=C\c2ccc(Cl)c([N+](=O)[O-])c2)SCc2ccc(Br)cc2)cc1,5.0
O=C(O)c1ccc(C(=O)/C(=C\c2ccc(Cl)c([N+](=O)[O-])c2)SCc2ccc(Cl)cc2)cc1,5.0
O=C(O)c1ccc(C(=O)/C(=C\c2ccc(Cl)c([N+](=O)[O-])c2)SCc2ccc(Cl)cc2Cl)cc1,5.6020599913279625
O=C(O)c1ccc(C(=O)/C(=C\c2ccc(Cl)c([N+](=O)[O-])c2)SCc2ccc(F)cc2)cc1,5.6020599913279625
O=C(O)c1ccc(C(=O)/C(=C\c2ccc(Cl)c([N+](=O)[O-])c2)SCc2ccccc2F)cc1,5.0
O=C(O)c1ccc(C(=O)/C(=C\c2ccc(F)c([N+](=O)[O-])c2)SCc2ccc(Br)cc2)cc1,6.212984366136141
O=C(O)c1ccc(C(=O)/C(=C\c2ccc(F)c([N+](=O)[O-])c2)SCc2ccc(C(F)(F)F)cc2)cc1,6.698970004336019
O=C(O)c1ccc(C(=O)/C(=C\c2ccc(F)c([N+](=O)[O-])c2)SCc2ccc(Cl)cc2)cc1,5.6020599913279625
O=C(O)c1ccc(C(=O)/C(=C\c2ccc(F)c([N+](=O)[O-])c2)SCc2ccc(Cl)cc2Cl)cc1,5.6020599913279625
O=C(O)c1ccc(C(=O)/C(=C\c2ccc(F)c([N+](=O)[O-])c2)SCc2ccc(F)cc2)cc1,5.6020599913279625
O=C(O)c1ccc(C(=O)/C(=C\c2ccc(F)c([N+](=O)[O-])c2)SCc2ccccc2)cc1,5.6020599913279625
O=C(O)c1ccc(C(=O)/C(=C\c2ccc(F)c([N+](=O)[O-])c2)SCc2ccccc2Cl)cc1,5.0
O=C(O)c1ccc(C(=O)/C(=C\c2ccc(F)c([N+](=O)[O-])c2)Sc2ccc(Br)cc2)cc1,4.698970004336019
O=C(O)c1cccc(Nc2nccc(-c3cccnc3)n2)c1,5.100000128334196
O=C(O)c1ccccc1C(=O)Nc1cccc(Nc2nccc(-c3cccnc3)n2)c1,5.700000503883016
O=C(c1c(F)cccc1F)N1CCN(c2nc(Cl)ncc2Br)CC1,5.576754126063192
O=C(c1c(F)cccc1F)N1CCN(c2nc(N3CCOCC3)ncc2Br)CC1,6.050609993355087
O=C(c1cc(Cl)c(Cl)c(Cl)n1)N1CCN(c2nc(Cl)ncc2Br)CC1,5.841637507904751
O=C(c1cc(Cl)ccc1Cl)N1CCN(c2nc(Cl)ncc2Br)CC1,5.642065152999546
O=C(c1cc(I)ccc1Cl)N1CCN(c2nc(Cl)ncc2Br)CC1,4.790484985457369
O=C(c1cc2cc(O)ccc2[nH]1)c1cc2cc(O)ccc2[nH]1,5.376750709602099
O=C(c1ccc(-c2cc(Nc3cc(C(F)(F)F)cc(C(F)(F)F)c3)ncn2)cc1)N1CCN(C(=O)c2ccccc2F)CC1,6.886056647693163
O=C(c1ccc(-c2cc(Nc3ccc(C(F)(F)F)cc3)ncn2)cc1)N1CCN(C(=O)c2ccccc2F)CC1,4.104577453960592
O=C(c1ccc(-c2cc(Nc3ccc(F)cc3)ncn2)cc1)N1CCN(C(=O)c2cccc(C(F)(F)F)c2)CC1,5.841637507904751
O=C(c1ccc(-c2cc(Nc3cccc(C(F)(F)F)c3)ncn2)cc1)N1CCN(C(=O)c2cccc(C(F)(F)F)c2)CC1,6.249491605148654
O=C(c1ccc(-c2cc(Nc3cccc(C(F)(F)F)c3)ncn2)cc1)N1CCN(C(=O)c2ccccc2F)CC1,6.059483515067432
O=C(c1ccc(-c2cc(Nc3cccc(Cl)c3)ncn2)cc1)N1CCN(C(=O)c2ccccc2F)CC1,4.037157318798758
O=C(c1ccc(-c2cc(Nc3cccc(F)c3)ncn2)cc1)N1CCN(C(=O)c2ccccc2Cl)CC1,5.217527375833714
O=C(c1ccc(-c2cc(Nc3cccc(F)c3)ncn2)cc1)N1CCN(C(=O)c2ccccc2F)CC1,7.769551078621726
O=C(c1ccc(-c2cc(Nc3ccccc3Cl)ncn2)cc1)N1CCN(C(=O)c2ccccc2Cl)CC1,7.154901959985743
O=C(c1ccc(-c2cc(Nc3ccccc3F)ncn2)cc1)N1CCN(C(=O)c2ccccc2F)CC1,7.301029995663981
O=C(c1ccc(-c2cccnc2)cc1)N1CCN(C(=O)c2cccc(F)c2)CC1,6.559090917934782
O=C(c1ccc(-c2cccs2)cc1)N1CCN(C(=O)c2cccc(F)c2)CC1,5.296708621881339
O=C(c1ccc(Br)cc1)N1CCN(C(=O)c2ccc(-c3cccs3)cc2)CC1,7.136677139879544
O=C(c1ccc(Br)cc1)N1CCN(C(=O)c2ccc(-c3nccs3)cc2)CC1,6.375717904164332
O=C(c1ccc(C(F)(F)F)cc1)N1CCN(c2nc(Cl)ncc2Br)CC1,7.721246399047171
O=C(c1ccc(Cl)cc1[N+](=O)[O-])N1CCN(c2nc(Cl)ncc2Br)CC1,5.58838029403677
O=C(c1ccc(F)cc1)N1CCN(c2nc(Cl)ncc2Br)CC1,7.721246399047171
O=C(c1ccc(F)cc1)N1CCN(c2nc(N3CCOCC3)ncc2Br)CC1,7.619788758288394
O=S(=O)(C1CC1)N1CCN(c2nc(N3CCOCC3)ncc2Br)CC1,6.657577319177793
O=S(=O)(c1cc(C(F)(F)F)cc(C(F)(F)F)c1)N1CCN(c2nc(Cl)ncc2Br)CC1,5.647817481888637
O=S(=O)(c1ccc(-c2ccccc2)cc1)N1CCN(c2nc(Cl)ncc2Br)CC1,6.1938200260161125
O=S(=O)(c1ccc(-c2ccccc2)cc1)N1CCN(c2nc(N3CCOCC3)ncc2Br)CC1,6.494850021680094
O=S(=O)(c1ccc(C(F)(F)F)cc1)N1CCN(c2nc(Cl)ncc2Br)CC1,7.823908740944319
O=S(=O)(c1ccc(C(F)(F)F)cc1)N1CCN(c2nc(N3CCOCC3)ncc2Br)CC1,7.721246399047171
O=S(=O)(c1ccc(F)cc1)N1CCN(c2nc(N3CCOCC3)ncc2Br)CC1,5.3448615651886175
O=S(=O)(c1ccc2ccccc2c1)N1CCN(c2nc(N3CCOCC3)ncc2Br)CC1,6.356547323513812
O=[N+]([O-])c1cccc(Nc2nccc(-c3ccccn3)n2)c1,5.920001601921648
O=[N+]([O-])c1cccc(Nc2nccc(-c3cccnc3)n2)c1,4.469999943783888
O=[N+]([O-])c1cccc(Nc2nccc(-c3ccncc3)n2)c1,4.210000001311122
[2H]C([2H])([2H])N1CCN(Cc2ccc(C(=O)Nc3ccc(C)c(Nc4nccc(-c5cccnc5)n4)c3)cc2)CC1,6.263364568037467
c1cc(CCN2CCOCC2)cc(Nc2nccc(-c3cccnc3)n2)c1,5.0
c1cc(Nc2nccc(-c3cccnc3)n2)cc(OCCn2ccnc2)c1,6.0
c1cncc(-c2ccnc(Nc3cccc(-n4ccnc4)c3)n2)c1,5.480000159330324
